Time,Sample Temperature,Program Temperature,Frequency,Raw Dynamic Force,Raw Static Force,In-Phase Angle,Out-Of-Phase Angle,Zero Displacement,Min Displacement,Max Displacement,Spring Stiffness,C*,Measured Tan Delta,Corrected Total Tan Delta,Corrected Total Delta,Stiffness*,Total Stiffness',Stiffness Less Spring,Inertia,Sample Stiffness',Ratio of Sample to Total Stiffness,Total Stiffness'',Sample Stiffness'',Total Applied Static Force,Static Force,Static Force Corrected,Static Displacement,Static Displacement Corrected,Static Stress,Static Stress Corrected,Static Strain,Static Strain Corrected,Dynamic Force,Displacement Amplitude,Dynamic Stress,Dynamic Strain,Storage Modulus,Loss Modulus,Tan Delta,Loss Viscosity,Storage Viscosity,Complex Viscosity,Shear Storage Modulus,Shear Loss Modulus,Complex Modulus,Shear Complex Modulus, 
0.000000,22.662500,25.000000,1.000001,55.000000,2390.000000,1007716.375000,23287.375000,59603705.125000,56647.500000,59746.750000,0.000052,1007985.413723,0.023109,0.010194,0.010193,3223.764428,3225.223825,158.407081,1.697535,160.104616,0.049615,32.893532,30.901368,1.996563,0.289362,0.000585,0.745374,0.000140,623351.288465,1259.322117,0.009546,0.000002,0.007942,0.049651,17109.149369,0.000636,26930120.924873,5197711.337630,0.193007,827240.796838,4286058.467994,4365160.309430,9974118.861064,1925078.273196,27427132.846464,10158197.350542, 
0.130767,23.212500,25.000000,1.000001,55.000000,2390.000000,1007793.500000,23322.000000,59603881.500000,56645.875000,59745.875000,0.000052,1008063.318610,0.023142,0.010226,0.010226,3223.515290,3224.973374,158.148421,1.697535,159.845956,0.049539,32.996082,31.003913,1.996563,0.289385,0.000608,0.745379,0.000146,623400.977623,1309.011275,0.009546,0.000002,0.007930,0.049654,17082.834186,0.000636,26886613.424521,5214959.689002,0.193961,829985.955045,4279134.039737,4358883.436800,9958004.972045,1931466.551482,27387694.061340,10143590.393089, 
0.259199,23.575000,25.000000,1.000001,55.000000,2390.000000,1007844.000000,23222.250000,59604268.000000,56647.875000,59747.250000,0.000052,1008111.502380,0.023042,0.010126,0.010126,3223.361218,3224.822444,157.979501,1.697535,159.677036,0.049489,32.671601,30.679420,1.996563,0.289436,0.000658,0.745391,0.000158,623509.865105,1417.898757,0.009546,0.000002,0.007922,0.049657,17065.579900,0.000636,26858200.594955,5160378.940173,0.192134,821299.165952,4274612.001047,4352796.811188,9947481.701835,1911251.459323,27349450.634428,10129426.160899, 
0.388409,23.900000,25.000000,1.000001,55.000000,2390.000000,1007998.875000,23322.125000,59604502.125000,56649.375000,59747.250000,0.000052,1008268.641541,0.023137,0.010222,0.010221,3222.858856,3224.316463,157.462622,1.697535,159.160158,0.049336,32.974554,30.982366,1.996563,0.289466,0.000689,0.745399,0.000165,623575.825080,1483.858733,0.009547,0.000002,0.007898,0.049665,17013.006151,0.000636,26771259.912849,5211335.380251,0.194662,829409.128849,4260774.972695,4340751.417780,9915281.449203,1930124.214908,27273767.135597,10101395.235406, 
0.519180,24.100000,25.000000,1.000001,55.000000,2390.000000,1008104.250000,23302.250000,59604695.000000,56647.000000,59746.625000,0.000052,1008373.528869,0.023115,0.010200,0.010199,3222.523626,3223.981642,157.118823,1.697535,158.816358,0.049235,32.899764,30.907570,1.996563,0.289491,0.000714,0.745405,0.000171,623630.164069,1538.197721,0.009547,0.000002,0.007881,0.049670,16978.018757,0.000636,26713431.764409,5198754.511101,0.194612,827406.822921,4251571.344312,4331334.776531,9893863.616448,1925464.633741,27214600.586789,10079481.698811, 
0.648131,24.212500,25.000000,1.000001,55.000000,2390.000000,1008331.500000,23370.250000,59605214.250000,56647.375000,59752.125000,0.000052,1008602.291529,0.023177,0.010262,0.010261,3221.792720,3223.247983,156.360994,1.697535,158.058530,0.049011,33.092867,31.100657,1.996563,0.289559,0.000782,0.745421,0.000187,623776.454857,1684.488510,0.009547,0.000002,0.007845,0.049681,16900.848210,0.000636,26585962.464455,5231232.369349,0.196767,832575.830508,4231283.991202,4312417.735766,9846652.764613,1937493.470129,27095741.220043,10035459.711127, 
0.776303,24.300000,25.000000,1.000001,55.000000,2390.000000,1008378.625000,23253.625000,59605633.875000,56649.250000,59752.000000,0.000052,1008646.708433,0.023060,0.010145,0.010145,3221.650845,3223.109815,156.203294,1.697535,157.900829,0.048964,32.715156,30.722934,1.996563,0.289614,0.000837,0.745434,0.000200,623894.679563,1802.713216,0.009547,0.000003,0.007838,0.049683,16884.709014,0.000636,26559436.674400,5167698.147615,0.194571,822464.053073,4227062.283940,4306332.856492,9836828.397926,1913962.276895,27057508.765707,10021299.542854, 
0.923192,24.300000,25.000000,1.000001,55.000000,2390.000000,1008410.250000,23224.250000,59606025.250000,56645.125000,59751.250000,0.000052,1008677.648257,0.023031,0.010115,0.010115,3221.552025,3223.011876,156.087137,1.697535,157.784672,0.048930,32.617937,30.625703,1.996563,0.289665,0.000888,0.745446,0.000213,624004.946550,1912.980203,0.009547,0.000003,0.007832,0.049685,16872.800531,0.000636,26539898.727073,5151343.573219,0.194098,819861.143778,4223952.725508,4302783.857273,9829592.121138,1907905.027118,27035209.728290,10013040.640107, 
1.050584,24.300000,25.000000,1.000001,55.000000,2390.000000,1008561.500000,23361.750000,59606369.250000,56649.250000,59752.500000,0.000052,1008832.032920,0.023163,0.010248,0.010248,3221.059021,3222.514036,155.573284,1.697535,157.270819,0.048778,33.041133,31.048888,1.996563,0.289710,0.000933,0.745457,0.000224,624101.867105,2009.900758,0.009547,0.000003,0.007808,0.049692,16820.448118,0.000636,26453466.939372,5222524.696692,0.197423,831189.962459,4210196.690152,4291460.465094,9797580.347916,1934268.406182,26964062.700565,9986689.889098, 
1.181615,24.400000,25.655154,1.000001,55.000000,2390.000000,1008673.000000,23189.750000,59606967.750000,56648.875000,59752.750000,0.000052,1008939.535073,0.022990,0.010075,0.010075,3220.715819,3222.176177,155.207565,1.697535,156.905100,0.048670,32.479926,30.487663,1.996563,0.289789,0.001011,0.745476,0.000242,624270.494466,2178.528118,0.009548,0.000003,0.007791,0.049698,16783.092417,0.000636,26391951.898324,5128124.771922,0.194306,816165.759706,4200406.275051,4278964.760640,9774796.999379,1899305.471082,26885549.811746,9957611.041387, 
1.325904,24.500000,26.376601,1.000001,55.000000,2390.000000,1008741.625000,23127.125000,59607216.375000,56650.750000,59750.000000,0.000052,1009006.704595,0.022927,0.010011,0.010011,3220.501416,3221.963631,154.983445,1.697535,156.680980,0.048603,32.272700,30.280430,1.996563,0.289821,0.001044,0.745484,0.000250,624340.545486,2248.579139,0.009548,0.000003,0.007780,0.049701,16760.224740,0.000637,26354254.118589,5093267.449298,0.193262,810618.048902,4194406.491815,4272019.129146,9760834.858737,1886395.351592,26841909.087419,9941447.810155, 
1.454856,24.587500,27.021359,1.000001,55.000000,2390.000000,1008930.500000,23054.500000,59607510.000000,56649.375000,59752.250000,0.000052,1009193.868293,0.022850,0.009935,0.009935,3219.904146,3221.368241,154.374387,1.697535,156.071922,0.048423,32.021006,30.028727,1.996563,0.289860,0.001082,0.745493,0.000259,624423.276131,2331.309783,0.009548,0.000003,0.007751,0.049710,16698.157636,0.000637,26251808.603935,5050930.311268,0.192403,803879.889446,4178101.794676,4254733.538465,9722892.075532,1870714.930099,26733300.431988,9901222.382218, 
1.585886,24.825000,27.676511,1.000001,55.000000,2390.000000,1008920.125000,23183.625000,59608013.875000,56648.125000,59751.625000,0.000052,1009186.454080,0.022979,0.010063,0.010063,3219.927802,3221.387786,154.370475,1.697535,156.068010,0.048422,32.434275,30.441980,1.996563,0.289925,0.001148,0.745509,0.000275,624565.247782,2473.281434,0.009548,0.000004,0.007751,0.049710,16697.637831,0.000637,26251150.582185,5120440.798144,0.195056,814942.818266,4177997.067345,4256734.815770,9722648.363772,1896459.554868,26745874.838110,9905879.569671, 
1.730434,25.250000,28.399252,1.000001,55.000000,2390.000000,1008977.125000,23167.625000,59608201.625000,56650.000000,59754.875000,0.000052,1009243.071624,0.022961,0.010046,0.010046,3219.747167,3221.207534,154.181483,1.697535,155.879018,0.048366,32.377192,30.384892,1.996563,0.289950,0.001173,0.745515,0.000281,624618.148734,2526.182387,0.009548,0.000004,0.007742,0.049713,16678.350434,0.000637,26219361.543330,5110838.402211,0.194926,813414.550698,4172937.688683,4251476.471171,9710874.645678,1892903.111930,26712835.658412,9893642.836449, 
1.859128,25.962500,29.042719,1.000001,55.000000,2390.000000,1009244.125000,22931.625000,59608349.125000,56652.125000,59751.875000,0.000052,1009504.612804,0.022722,0.009806,0.009806,3218.912999,3220.380244,153.347326,1.697535,155.044862,0.048120,31.596199,29.603895,1.996563,0.289969,0.001192,0.745519,0.000286,624659.708956,2567.742609,0.009548,0.000004,0.007703,0.049726,16593.358800,0.000637,26079053.654257,4979472.088622,0.190938,792506.969097,4150607.012272,4225589.410531,9658908.760836,1844248.921712,26550182.330503,9833400.863149, 
1.989118,26.662500,29.692673,1.000001,55.000000,2390.000000,1009451.875000,23023.375000,59608630.125000,56648.000000,59755.125000,0.000052,1009714.397113,0.022808,0.009893,0.009892,3218.244218,3219.708085,152.662086,1.697535,154.359621,0.047917,31.867210,29.874897,1.996563,0.290006,0.001229,0.745528,0.000294,624738.885234,2646.918887,0.009548,0.000004,0.007670,0.049736,16523.469280,0.000637,25963793.911925,5025055.606774,0.193541,799761.805587,4132262.869072,4208944.685403,9616219.967380,1861131.706212,26445600.355297,9794666.798258, 
2.119109,27.537500,30.342627,1.000001,55.000000,2390.000000,1009785.375000,22918.375000,59608984.625000,56649.500000,59754.375000,0.000052,1010045.422482,0.022696,0.009781,0.009781,3217.189493,3218.655882,151.593380,1.697535,153.290915,0.047601,31.497832,29.505508,1.996563,0.290052,0.001275,0.745539,0.000305,624838.772320,2746.805972,0.009548,0.000004,0.007620,0.049752,16414.430813,0.000637,25784034.141609,4962923.173246,0.192480,789873.129498,4103653.235721,4178979.473477,9549642.274670,1838119.693795,26257323.226849,9724934.528462, 
2.265220,28.525000,31.073180,1.000001,55.000000,2390.000000,1010138.875000,22957.375000,59609393.875000,56647.625000,59758.625000,0.000052,1010399.716871,0.022727,0.009812,0.009811,3216.061393,3217.525732,150.444178,1.697535,152.141713,0.047260,31.585444,29.593108,1.996563,0.290106,0.001329,0.745552,0.000318,624954.087639,2862.121292,0.009548,0.000004,0.007565,0.049770,16297.093209,0.000637,25590734.513378,4977657.632942,0.194510,792218.189735,4072888.668760,4149220.621787,9478049.819770,1843576.901089,26070342.699033,9655682.481123, 
2.392869,29.212500,31.711426,1.000001,55.000000,2390.000000,1010515.875000,22807.125000,59609850.875000,56650.500000,59758.125000,0.000052,1010773.218174,0.022570,0.009655,0.009654,3214.872992,3216.341117,149.238287,1.697535,150.935823,0.046903,31.068268,29.075918,1.996563,0.290166,0.001388,0.745566,0.000333,625082.859341,2990.892994,0.009549,0.000004,0.007508,0.049788,16173.872524,0.000638,25387899.821227,4890664.735622,0.192638,778372.851080,4040606.550447,4114895.574715,9402925.859714,1811357.309489,25854671.896757,9575804.406206, 
2.522080,29.987500,32.357481,1.000001,55.000000,2390.000000,1011003.500000,22799.250000,59610525.750000,56648.500000,59757.875000,0.000052,1011260.541509,0.022551,0.009636,0.009636,3213.323755,3214.790972,147.656723,1.697535,149.354258,0.046434,30.993245,29.000875,1.996563,0.290254,0.001477,0.745587,0.000354,625273.026407,3181.060059,0.009549,0.000005,0.007433,0.049812,16012.109512,0.000638,25121875.539797,4878042.197136,0.194175,776363.913278,3998267.504614,4072945.367212,9304398.348073,1806682.295236,25591090.760538,9478181.763162, 
2.650513,30.762500,32.999644,1.000001,55.000000,2390.000000,1011140.750000,22789.500000,59611449.250000,56651.500000,59759.000000,0.000052,1011397.536887,0.022538,0.009623,0.009623,3212.888505,3214.355699,147.178454,1.697535,148.875989,0.046292,30.948209,28.955811,1.996563,0.290375,0.001597,0.745616,0.000383,625533.257857,3441.291509,0.009549,0.000005,0.007410,0.049819,15962.994982,0.000638,25041429.079780,4870462.293860,0.194496,775157.535159,3985464.062991,4060146.918734,9274603.362881,1803874.923652,25510675.673403,9448398.397557, 
2.785963,31.512500,33.676897,1.000001,55.000000,2390.000000,1011749.250000,22632.250000,59611781.500000,56649.000000,59759.375000,0.000052,1012002.353562,0.022369,0.009454,0.009454,3210.968343,3212.438877,145.246164,1.697535,146.943699,0.045718,30.386861,28.394452,1.996563,0.290418,0.001641,0.745627,0.000393,625626.883852,3534.917504,0.009549,0.000005,0.007318,0.049849,15765.204502,0.000638,24716411.520297,4776039.892146,0.193234,760129.755092,3933735.952784,4006504.185796,9154226.488999,1768903.663758,25173628.174978,9323565.990733, 
2.930252,32.287500,34.398343,1.000001,55.000000,2390.000000,1012148.750000,22628.250000,59612679.750000,56649.375000,59762.125000,0.000052,1012401.664274,0.022357,0.009442,0.009441,3209.701876,3211.171581,143.937046,1.697535,145.634581,0.045329,30.333820,28.341385,1.996563,0.290536,0.001758,0.745655,0.000421,625880.010045,3788.043697,0.009550,0.000005,0.007256,0.049869,15630.915760,0.000639,24496213.601856,4767113.773839,0.194606,758709.120366,3898690.393368,3971829.089055,9072671.704391,1765597.694014,24955757.944019,9242873.312600, 
3.059204,32.987500,35.043101,1.000001,55.000000,2390.000000,1012620.000000,22645.000000,59612820.000000,56643.625000,59763.875000,0.000052,1012873.170947,0.022363,0.009448,0.009447,3208.207714,3209.675798,142.434733,1.697535,144.132268,0.044882,30.339383,28.346943,1.996563,0.290554,0.001777,0.745659,0.000426,625919.533038,3827.566690,0.009550,0.000005,0.007184,0.049892,15476.878426,0.000639,24243519.724155,4768048.735674,0.196673,758857.924046,3858472.945501,3932388.437076,8979081.379317,1765943.976176,24707944.822693,9151090.675071, 
3.205312,33.725000,35.773641,1.000001,55.000000,2390.000000,1013248.000000,22485.000000,59613444.500000,56642.625000,59772.375000,0.000052,1013497.451762,0.022191,0.009276,0.009276,3206.231565,3207.702916,140.432773,1.697535,142.130309,0.044286,29.769692,27.777233,1.996563,0.290636,0.001858,0.745679,0.000445,626095.521671,4003.555323,0.009550,0.000006,0.007089,0.049923,15271.290405,0.000639,23906783.530686,4672221.667695,0.195435,743606.584576,3804879.758247,3876862.227027,8854364.270624,1730452.469517,24359063.079173,9021875.214509, 
3.334785,34.637500,36.421008,1.000001,55.000000,2390.000000,1013660.500000,22306.250000,59614370.750000,56650.125000,59768.625000,0.000052,1013905.901970,0.022006,0.009091,0.009090,3204.939940,3206.415514,139.102244,1.697535,140.799779,0.043889,29.163302,27.170815,1.996563,0.290757,0.001980,0.745708,0.000474,626356.552010,4264.585663,0.009550,0.000006,0.007025,0.049943,15134.401649,0.000640,23682984.083166,4570220.120937,0.192975,727372.547067,3769260.998129,3838801.804502,8771475.586358,1692674.118866,24119922.202140,8933304.519311, 
3.496752,35.250000,37.230842,1.000001,55.000000,2390.000000,1013938.750000,22194.500000,59615768.500000,56648.875000,59768.125000,0.000052,1014181.632935,0.021889,0.008975,0.008974,3204.068596,3205.546701,138.168347,1.697535,139.865882,0.043609,28.782705,26.790176,1.996563,0.290940,0.002162,0.745752,0.000518,626750.472108,4658.505761,0.009551,0.000007,0.006981,0.049957,15038.090712,0.000640,23525899.499729,4506195.302279,0.191542,717182.688769,3744260.229996,3812326.806427,8713296.111011,1668961.223066,23953574.751456,8871694.352391, 
3.625444,35.925000,37.874300,1.000001,55.000000,2390.000000,1014345.750000,22232.250000,59616306.500000,56649.250000,59769.875000,0.000052,1014589.362000,0.021918,0.009003,0.009003,3202.780989,3204.257034,136.853628,1.697535,138.551163,0.043217,28.862235,26.869690,1.996563,0.291010,0.002233,0.745769,0.000535,626902.098267,4810.131920,0.009551,0.000007,0.006918,0.049977,14902.727461,0.000640,23304759.581086,4519569.876985,0.193933,719311.316759,3709064.746710,3778170.200733,8631392.437439,1673914.769254,23738962.298406,8792208.258669, 
3.754655,36.500000,38.520355,1.000001,55.000000,2390.000000,1014864.250000,22172.500000,59617036.750000,56651.125000,59773.125000,0.000052,1015106.430718,0.021848,0.008933,0.008933,3201.149576,3202.626066,135.188655,1.697535,136.886190,0.042719,28.623097,26.630530,1.996563,0.291106,0.002328,0.745791,0.000558,627107.910927,5015.944579,0.009552,0.000007,0.006838,0.050002,14731.135158,0.000640,23024705.641328,4479342.307937,0.194545,712908.905368,3664492.813174,3733195.238017,8527668.756048,1659015.669606,23456376.049627,8687546.685047, 
3.884906,37.237500,39.171610,1.000001,55.000000,2390.000000,1015169.750000,22256.000000,59617698.000000,56649.125000,59771.500000,0.000052,1015413.684589,0.021923,0.009009,0.009008,3200.180941,3201.654323,134.186119,1.697535,135.883654,0.042419,28.856726,26.864138,1.996563,0.291192,0.002415,0.745812,0.000578,627294.280799,5202.314451,0.009552,0.000007,0.006790,0.050017,14627.682301,0.000641,22856075.799461,4518636.087257,0.197700,719162.699626,3637654.561548,3708062.256447,8465213.259060,1673568.921206,23298460.744002,8629059.534815, 
4.030496,38.012500,39.899563,1.000001,55.000000,2390.000000,1015565.250000,22094.750000,59618727.750000,56650.750000,59775.500000,0.000052,1015805.569479,0.021756,0.008841,0.008841,3198.946352,3200.423331,132.907173,1.697535,134.604708,0.042036,28.310086,26.317468,1.996563,0.291327,0.002550,0.745844,0.000611,627584.518196,5492.551848,0.009552,0.000008,0.006729,0.050037,14495.575963,0.000641,22640952.869190,4426684.317146,0.195517,704528.132479,3603416.710945,3671644.302240,8385538.099700,1639512.710054,23069639.807950,8544311.039982, 
4.158928,38.675000,40.541719,1.000001,55.000000,2390.000000,1015921.500000,22040.250000,59619738.250000,56650.625000,59774.375000,0.000052,1016160.551676,0.021695,0.008780,0.008780,3197.828842,3199.306475,131.743258,1.697535,133.440793,0.041687,28.104144,26.111495,1.996563,0.291459,0.002682,0.745876,0.000642,627869.339074,5777.372726,0.009553,0.000008,0.006673,0.050054,14375.247853,0.000641,22445178.494095,4392038.922378,0.195679,699014.151014,3572258.276100,3640006.864621,8313029.071887,1626681.082362,22870855.767275,8470687.321213, 
4.288139,39.525000,41.187774,1.000001,55.000000,2390.000000,1016389.375000,22022.625000,59620833.125000,56650.375000,59778.375000,0.000052,1016627.934706,0.021668,0.008753,0.008753,3196.358677,3197.835661,130.221454,1.697535,131.918989,0.041231,28.003818,26.011136,1.996563,0.291603,0.002825,0.745910,0.000677,628177.952218,6085.985871,0.009553,0.000009,0.006600,0.050077,14217.840538,0.000641,22189206.069411,4375158.312343,0.197175,696327.520613,3531519.031689,3599513.673699,8218224.470152,1620429.004571,22616429.343485,8376455.312402, 
4.451148,40.362500,42.002822,1.000001,55.000000,2390.000000,1016883.750000,22052.500000,59622100.750000,56650.750000,59779.250000,0.000052,1017122.841042,0.021686,0.008772,0.008771,3194.803410,3196.278368,128.605123,1.697535,130.302658,0.040745,28.050414,26.057694,1.996563,0.291768,0.002991,0.745950,0.000716,628535.271794,6443.305446,0.009554,0.000009,0.006522,0.050102,14050.475862,0.000642,21917333.909245,4382989.454326,0.199978,697573.884583,3488249.267786,3557315.318982,8117531.077498,1623329.427528,22351289.051105,8278255.204113, 
4.596738,41.087500,42.730769,1.000001,55.000000,2390.000000,1017470.875000,21912.375000,59623073.375000,56649.500000,59779.625000,0.000052,1017706.801417,0.021536,0.008621,0.008621,3192.970231,3194.447604,126.729058,1.697535,128.426593,0.040182,27.554376,25.561626,1.996563,0.291896,0.003118,0.745981,0.000747,628809.446092,6717.479744,0.009554,0.000010,0.006432,0.050130,13856.112950,0.000642,21601773.672362,4299549.290194,0.199037,684293.980528,3438026.336028,3505464.782166,8000656.915690,1592425.663035,22025502.261941,8157593.430348, 
4.743366,41.587500,43.463910,1.000001,55.000000,2390.000000,1017899.375000,21933.625000,59623572.125000,56649.125000,59783.125000,0.000052,1018135.659689,0.021548,0.008633,0.008633,3191.625290,3193.101043,125.359267,1.697535,127.056802,0.039770,27.580471,25.587706,1.996563,0.291961,0.003184,0.745996,0.000762,628950.042514,6858.076166,0.009554,0.000010,0.006366,0.050152,13714.102286,0.000642,21371370.369785,4303936.021683,0.201388,684992.149976,3401356.540566,3469645.595963,7915322.359180,1594050.378401,21800443.499187,8074238.333032, 
4.876478,42.512500,44.129473,1.000001,55.000000,2390.000000,1018435.125000,21878.125000,59625051.375000,56651.250000,59781.750000,0.000052,1018670.091927,0.021482,0.008567,0.008567,3189.950845,3191.426796,123.616118,1.697535,125.313654,0.039245,27.355886,25.363076,1.996563,0.292155,0.003377,0.746043,0.000809,629367.052490,7275.086142,0.009555,0.000010,0.006282,0.050178,13533.044486,0.000643,21078167.066052,4266152.445783,0.202397,678978.711867,3354691.822413,3422713.735405,7806728.542982,1580056.461401,21505561.688899,7965022.847740, 
5.054826,43.287500,45.021210,1.000001,55.000000,2390.000000,1018856.125000,21922.625000,59626137.375000,56650.625000,59787.500000,0.000052,1019091.951169,0.021517,0.008602,0.008602,3188.630346,3190.104072,122.242808,1.697535,123.940343,0.038831,27.455569,25.462727,1.996563,0.292297,0.003519,0.746077,0.000843,629673.215140,7581.248793,0.009555,0.000011,0.006216,0.050199,13390.282888,0.000643,20847171.790042,4282914.061696,0.205443,681646.403781,3317927.811528,3387224.052568,7721174.737053,1586264.467295,21282573.258500,7882434.540185, 
5.184037,43.900000,45.667267,1.000001,55.000000,2390.000000,1019449.000000,21823.500000,59627249.250000,56647.875000,59785.500000,0.000052,1019682.562739,0.021407,0.008492,0.008492,3186.783455,3188.258400,120.345343,1.697535,122.042878,0.038258,27.089735,25.096859,1.996563,0.292442,0.003665,0.746111,0.000878,629986.683245,7894.716897,0.009556,0.000011,0.006124,0.050228,13192.913103,0.000643,20528011.850748,4221373.824722,0.205640,671851.978626,3267131.969791,3335496.423205,7602967.352129,1563471.786934,20957558.720245,7762058.785276, 
5.314808,44.487500,46.321120,1.000001,55.000000,2390.000000,1019753.250000,21863.750000,59628176.750000,56652.750000,59787.625000,0.000052,1019987.605047,0.021440,0.008526,0.008525,3185.830401,3187.303531,119.347267,1.697535,121.044802,0.037957,27.187076,25.194172,1.996563,0.292564,0.003786,0.746140,0.000907,630248.179357,8156.213010,0.009556,0.000012,0.006076,0.050243,13088.938456,0.000643,20360132.219065,4237742.226649,0.208139,674457.088640,3240413.117730,3309859.443839,7540789.710765,1569534.158018,20796476.700570,7702398.777989, 
5.444019,45.350000,46.967175,1.000001,55.000000,2390.000000,1020463.250000,21794.500000,59629459.750000,56648.500000,59791.625000,0.000052,1020695.961014,0.021357,0.008443,0.008443,3183.619456,3185.092701,117.076667,1.697535,118.774203,0.037271,26.904521,24.911578,1.996563,0.292731,0.003954,0.746181,0.000947,630609.916471,8517.950123,0.009557,0.000012,0.005966,0.050278,12852.321820,0.000644,19978209.980506,4190209.070085,0.209739,666891.957805,3179628.353738,3248812.298561,7399337.029817,1551929.285217,20412905.870459,7560335.507577, 
5.605467,46.237500,47.774416,1.000001,55.000000,2390.000000,1020896.000000,21787.000000,59631355.750000,56653.000000,59793.875000,0.000052,1021128.452343,0.021341,0.008426,0.008426,3182.271058,3183.743447,115.639083,1.697535,117.336618,0.036835,26.840900,24.847899,1.996563,0.292980,0.004202,0.746240,0.001006,631144.513391,9052.547044,0.009557,0.000013,0.005896,0.050299,12702.141580,0.000644,19736403.535646,4179498.095650,0.211766,665187.254628,3141143.693253,3210803.292851,7309779.087276,1547962.257648,20174088.055062,7471884.464838, 
5.751058,46.737500,48.502370,1.000001,55.000000,2390.000000,1021466.500000,21767.000000,59632551.250000,56653.000000,59794.375000,0.000052,1021698.396256,0.021310,0.008395,0.008395,3180.495861,3181.967388,113.807325,1.697535,115.504860,0.036280,26.725679,24.732643,1.996563,0.293136,0.004359,0.746277,0.001044,631481.613436,9389.647088,0.009558,0.000013,0.005808,0.050327,12510.822180,0.000645,19428295.834797,4160111.524030,0.214126,662101.788370,3092106.868504,3162199.181647,7195665.123999,1540782.045937,19868699.175757,7358777.472503, 
5.880268,47.487500,49.148419,1.000001,55.000000,2390.000000,1021929.625000,21704.875000,59634499.375000,56656.750000,59797.500000,0.000052,1022160.095118,0.021239,0.008325,0.008324,3179.059265,3180.531287,112.280454,1.697535,113.977989,0.035817,26.489520,24.496425,1.996563,0.293391,0.004614,0.746339,0.001105,632030.961393,9938.995045,0.009559,0.000014,0.005733,0.050350,12351.011699,0.000645,19171471.221603,4120378.851569,0.214922,655778.142155,3051231.994186,3120907.184469,7100544.896890,1526066.241322,19609253.700261,7262686.555652, 
6.030278,48.325000,49.898470,1.000001,55.000000,2390.000000,1022663.875000,21677.625000,59636762.125000,56655.750000,59802.375000,0.000052,1022893.601826,0.021197,0.008283,0.008282,3176.779593,3178.250533,109.894263,1.697535,111.591799,0.035092,26.337346,24.344182,1.996563,0.293687,0.004910,0.746409,0.001176,632669.072083,10577.105735,0.009559,0.000015,0.005617,0.050386,12101.109653,0.000645,18770106.109222,4094771.116730,0.218154,651702.547802,2987352.803168,3057612.300703,6951891.151564,1516581.895085,19211559.901524,7115392.556120, 
6.180029,49.087500,50.647225,1.000001,55.000000,2390.000000,1023039.125000,21789.375000,59638843.375000,56655.250000,59805.250000,0.000052,1023271.141069,0.021299,0.008384,0.008384,3175.607510,3177.074635,108.621379,1.697535,110.318914,0.034705,26.649974,24.656747,1.996563,0.293960,0.005182,0.746475,0.001241,633256.038640,11164.072292,0.009560,0.000016,0.005555,0.050405,11967.502411,0.000646,18556002.814654,4147345.629480,0.223504,660070.034759,2953277.232499,3026142.571457,6872593.635057,1536053.936845,19013829.604470,7042159.112767, 
6.309499,49.775000,51.294576,1.000001,55.000000,2390.000000,1023377.625000,21638.375000,59640701.875000,56659.375000,59808.750000,0.000052,1023606.361168,0.021144,0.008230,0.008229,3174.567533,3176.037743,107.497875,1.697535,109.195410,0.034363,26.150214,24.156931,1.996563,0.294203,0.005426,0.746533,0.001299,633780.216377,11688.250030,0.009561,0.000017,0.005501,0.050421,11849.488818,0.000646,18367025.745076,4063274.887311,0.221227,646689.771172,2923200.621570,2993878.677249,6802602.127806,1504916.624930,18811109.417845,6967077.562165, 
6.438710,50.462500,51.940630,1.000001,55.000000,2390.000000,1023867.750000,21540.250000,59642642.500000,56658.750000,59810.875000,0.000052,1024094.308089,0.021038,0.008124,0.008123,3173.054957,3174.526468,105.896155,1.697535,107.593690,0.033875,25.801354,23.808012,1.996563,0.294457,0.005680,0.746594,0.001360,634327.589624,12235.623277,0.009562,0.000017,0.005422,0.050445,11681.231353,0.000646,18097611.157192,4004585.645705,0.221277,637349.095664,2880321.992135,2949994.686117,6702818.947108,1483179.868780,18535377.951116,6864954.796710, 
6.621737,51.200000,52.855768,1.000001,55.000000,2390.000000,1024286.625000,21445.625000,59644382.875000,56662.125000,59812.875000,0.000052,1024511.105350,0.020937,0.008023,0.008022,3171.764077,3173.236938,104.525508,1.697535,106.223043,0.033457,25.470381,23.476986,1.996563,0.294685,0.005908,0.746648,0.001414,634818.508707,12726.542359,0.009563,0.000018,0.005356,0.050466,11537.106916,0.000646,17867063.775719,3948905.958118,0.221016,628487.405174,2843629.265823,2912254.078872,6617431.028044,1462557.762266,18298246.534344,6777128.346054, 
6.772787,51.837500,53.611015,1.000001,55.000000,2390.000000,1024750.875000,21387.125000,59645294.875000,56661.375000,59810.250000,0.000052,1024974.031344,0.020871,0.007956,0.007956,3170.331561,3171.804734,103.050794,1.697535,104.748329,0.033007,25.247699,23.254276,1.996563,0.294805,0.006027,0.746677,0.001443,635075.773303,12983.806956,0.009563,0.000018,0.005284,0.050489,11382.069603,0.000647,17619012.112164,3911445.476937,0.222001,622525.389147,2804150.648699,2872420.359337,6525560.041542,1448683.509977,18047963.694767,6684430.998062, 
6.906158,52.462500,54.277869,1.000001,55.000000,2390.000000,1025251.125000,21371.875000,59646262.875000,56658.125000,59815.000000,0.000052,1025473.854545,0.020846,0.007931,0.007931,3168.786319,3170.258638,101.459577,1.697535,103.157113,0.032522,25.155936,23.162485,1.996563,0.294931,0.006154,0.746707,0.001473,635348.842919,13256.876572,0.009563,0.000019,0.005206,0.050514,11214.629899,0.000647,17351364.287114,3896005.787010,0.224536,620068.088122,2761553.208079,2830311.035020,6426431.217450,1442965.106300,17783382.797335,6586438.073087, 
7.035108,53.312500,54.922622,1.000001,55.000000,2390.000000,1025744.375000,21430.875000,59647517.875000,56664.125000,59817.875000,0.000052,1025968.228186,0.020893,0.007979,0.007978,3167.259406,3168.729060,99.871498,1.697535,101.569033,0.032036,25.294311,23.300821,1.996563,0.295096,0.006318,0.746746,0.001513,635702.886663,13610.920316,0.009564,0.000019,0.005128,0.050538,11047.310491,0.000647,17084244.045317,3919274.509124,0.229409,623771.417332,2719039.734875,2789671.640338,6327497.794562,1451583.151527,17528037.747501,6491865.832408, 
7.179658,54.200000,55.645372,1.000001,55.000000,2390.000000,1026335.250000,21414.750000,59649127.500000,56661.125000,59818.375000,0.000052,1026558.637833,0.020865,0.007951,0.007951,3165.437804,3166.906411,97.973813,1.697535,99.671348,0.031456,25.191895,23.198357,1.996563,0.295306,0.006529,0.746797,0.001563,636156.992899,14065.026551,0.009564,0.000020,0.005035,0.050567,10847.141821,0.000648,16765047.220299,3902039.592432,0.232748,621028.397319,2668238.022597,2739556.609291,6209276.748259,1445199.849049,17213155.471318,6375242.767155, 
7.342666,54.987500,56.460412,1.000001,55.000000,2390.000000,1027098.000000,21461.750000,59650463.000000,56662.500000,59822.000000,0.000052,1027322.202776,0.020896,0.007981,0.007981,3163.085069,3164.550654,95.555796,1.697535,97.253331,0.030716,25.268933,23.275354,1.996563,0.295481,0.006704,0.746839,0.001605,636533.780632,14441.814284,0.009565,0.000021,0.004917,0.050605,10591.866026,0.000648,16358328.951039,3914990.816379,0.239327,623089.646997,2603506.850876,2677029.815067,6058640.352237,1449996.598659,16820287.725325,6229736.194565, 
7.472138,55.550000,57.107771,1.000001,55.000000,2390.000000,1027392.875000,21385.625000,59651490.875000,56661.250000,59822.875000,0.000052,1027615.426391,0.020815,0.007901,0.007901,3162.182502,3163.649237,94.606458,1.697535,96.303993,0.030424,25.008316,23.014705,1.996563,0.295616,0.006839,0.746871,0.001637,636823.788180,14731.821832,0.009565,0.000021,0.004870,0.050619,10491.460425,0.000648,16198647.161460,3871148.861386,0.238980,616111.988672,2578092.724875,2650689.736774,5999498.948689,1433758.837550,16654788.001308,6168440.000484, 
7.606028,56.162500,57.777223,1.000001,55.000000,2390.000000,1027537.750000,21207.000000,59653472.250000,56663.750000,59824.625000,0.000052,1027756.568709,0.020639,0.007724,0.007724,3161.748238,3163.218929,94.083772,1.697535,95.781307,0.030263,24.445671,22.452001,1.996563,0.295875,0.007098,0.746933,0.001699,637382.845349,15290.879001,0.009566,0.000022,0.004844,0.050626,10435.937134,0.000648,16110729.646643,3776500.076802,0.234409,601048.178681,2564100.228892,2633603.785102,5966936.906164,1398703.732149,16547433.715755,6128679.153983, 
7.752399,56.800000,58.509076,1.000001,55.000000,2390.000000,1027943.750000,21225.250000,59654398.000000,56661.875000,59826.125000,0.000052,1028162.858890,0.020648,0.007734,0.007734,3160.498838,3161.968094,92.789773,1.697535,94.487308,0.029866,24.466366,22.472668,1.996563,0.295997,0.007219,0.746962,0.001728,637644.063354,15552.097007,0.009567,0.000022,0.004781,0.050646,10299.018689,0.000649,15893074.766629,3779976.319913,0.237838,601601.439517,2529459.406291,2600017.149963,5886323.987640,1399991.229597,16336402.496167,6050519.443025, 
7.880570,57.787500,59.149932,1.000001,55.000000,2390.000000,1028113.875000,21126.625000,59655741.625000,56665.375000,59830.750000,0.000052,1028330.916705,0.020549,0.007635,0.007634,3159.982325,3161.453501,92.212530,1.697535,93.910065,0.029689,24.148267,22.154529,1.996563,0.296173,0.007395,0.747004,0.001770,638023.206280,15931.239932,0.009567,0.000023,0.004752,0.050654,10237.765029,0.000649,15795980.575293,3726464.273512,0.235912,593084.739564,2514006.398036,2583017.165578,5850363.176035,1380171.953153,16229588.359438,6010958.651644, 
8.047218,58.475000,59.983172,1.000001,55.000000,2390.000000,1028413.375000,21178.875000,59656299.125000,56665.375000,59830.250000,0.000052,1028631.427979,0.020594,0.007679,0.007679,3159.059146,3160.528350,91.261383,1.697535,92.958918,0.029397,24.282877,22.289121,1.996563,0.296246,0.007468,0.747022,0.001788,638180.525843,16088.559495,0.009567,0.000023,0.004706,0.050669,10137.039023,0.000649,15635994.596651,3749103.224228,0.239774,596687.837623,2488543.858880,2559079.309661,5791109.109871,1388556.749714,16079182.255713,5955252.687301, 
8.192808,59.162500,60.711121,1.000001,55.000000,2390.000000,1028766.875000,21143.375000,59657108.375000,56660.750000,59829.125000,0.000052,1028984.123009,0.020552,0.007638,0.007638,3157.976346,3159.445518,90.140815,1.697535,91.838350,0.029052,24.143155,22.149375,1.996563,0.296352,0.007574,0.747047,0.001813,638408.891029,16316.924682,0.009568,0.000023,0.004651,0.050687,10018.273199,0.000649,15447511.399063,3725597.393841,0.241178,592946.771489,2458545.850058,2529038.072203,5721300.518172,1379850.886608,15890427.444383,5885343.497919, 
8.343596,59.850000,61.465062,1.000001,55.000000,2390.000000,1028779.875000,21117.625000,59657988.625000,56668.125000,59830.750000,0.000052,1028996.591486,0.020527,0.007613,0.007612,3157.938080,3159.407826,90.062075,1.697535,91.759610,0.029028,24.062957,22.069150,1.996563,0.296467,0.007690,0.747074,0.001841,638657.298560,16565.332212,0.009568,0.000024,0.004647,0.050687,10009.803131,0.000649,15434267.082232,3712103.342325,0.240511,590799.128189,2456437.953236,2526485.904961,5716395.215641,1374853.089750,15874391.691960,5879404.330355, 
