DBSNP,Genes
rs4341,ACE
rs3813929,AGTR1
rs5182,AGTR1
rs693,APOB
rs57412,APOE
rs11212617,C110rf65
rs2239128,CACNA1C
rs1800559,CACNA1S
rs772226819,CACNA1S
rs74551128,CFTR
rs4680,COMT
rs2069514,CYP1A1
rs12720461,CYP1A2
rs4646425,CYP1A2
rs762551,CYP1A2
rs1709083,CYP2A13
rs3745284,CYP2A13
rs572552266,CYP2A13
rs72547590,CYP2A13
rs8192784,CYP2A13
rs62471956,CYP2A43
rs2054675,CYP2B6
rs2279343,CYP2B6
rs28399499,CYP2B6
rs35303484,CYP2B6
rs35694136,CYP2B6
rs3745274,CYP2B6
rs512721652,CYP2B6
rs57254579,CYP2B6
rs9923231,CYP2B6
rs12248560,CYP2C19
rs12769205,CYP2C19
rs17884712,CYP2C19
rs28399504,CYP2C19
rs367543001,CYP2C19
rs41291556,CYP2C19
rs4244285,CYP2C19
rs4986893,CYP2C19
rs55640102,CYP2C19
rs56413438,CYP2C19
rs76822098,CYP2C19
rs9332131,CYP2C3
rs1058930,CYP2C8
rs11572080,CYP2C8
rs11572103,CYP2C8
rs1799853,CYP2C9
rs28371685,CYP2C9
rs28371686,CYP2C9
rs4918758,CYP2C9
rs4918758,CYP2C9
rs51057910,CYP2C9
rs56165452,CYP2C9
rs57900194,CYP2C9
rs72558189,CYP2C9
rs72558189,CYP2C9
rs7900194,CYP2C9
rs9332094,CYP2C9
rs9332096,CYP2C9
rs1135840,CYP2D6
rs16947,CYP2D6
rs28371725,CYP2D6
rs35742686,CYP2D6
rs5030656,CYP2D6
rs5030867,CYP2D6
rs305968,CYP2F1
rs890293,CYP2J2
rs10741657,CYP2R1
rs12721629,CYP3A4
rs4986910,CYP3A4
rs555785340,CYP3A4
rs472660,CYP3A43
rs12360,CYP3A7
rs54987161,CYP3AA
rs2108622,CYP4F2
rs1801159,DPYD
rs1801265,DPYD
rs3918290,DPYD
rs55886062,DPYD
rs687376798,DPYD
rs1801160,DPYD-AS1
rs1799963,F2
rs6025,F5
rs1954787,GRIK4
rs2395029,HCP5
rs7997012,HTR2A
rs1414334,HTR2C
rs12979860,IFNL4
rs688,LDLR
rs1065852,LOC102723722
rs5030862,LOC102723722
rs28371706,LOC102723722
rs3892097,LOC102723722
rs5030655,LOC102723722
rs5030865,LOC102723722
rs5030865,LOC102723722:CYP2D6
rs1801131,MTHFR
rs91801133,MTHFR
rs116855232,NUDT15
rs1799971,OPRM1
rs2229774,RARG
rs193922764,RYR1
rs5118192176,RYR1
rs57853758,SLC28A3
rs11045879,SLCO181
rs4149056,SLCO181
rs1800460,TPMT
rs1800462,TPMT
rs35350960,UGT1A1
rs35350960,UGT1A4
rs35350960,UGT1A9
rs35350960,UGT1A5
rs35350960,UGT1A3
rs35350960,UGT1A6
rs35350960,UGT1A7
rs35350960,UGT1A8
rs35350960,UGT1A10
rs154148323,UGT1A1
rs154148323,UGT1A9
rs154148323,UGT1A4
rs154148323,UGT1A5
rs154148323,UGT1A3
rs154148323,UGT1A6
rs154148323,UGT1A7
rs154148323,UGT1A8
rs154148323,UGT1A10
rs3745274,UGT1A4
rs3745274,UGT1A9
rs3745274,UGT1A5
rs3745274,UGT1A3
rs3745274,UGT1A6
rs3745274,UGT1A7
rs3745274,UGT1AB
rs3745274,UGT1A10
rs517863783,UGT1A9
rs517863783,UGT1A6
rs517863783,UGT1A7
rs517863783,UGT1A8
rs517863783,UGT1A10
rs11568824,ZSCAN25
rs10264272,ZSCAN25
rs10264272,CYP3A5
rs41303343,ZSCAN25
rs41303343,CYP3A5
rs776746,ZSCAN25
rs776746,CYP3A5
rs776746,ZSCAN25
rs776746,CYP3A5
rs910264272,ZSCAN25
rs910264272,CYP3A5
rs41303343,ZSCAN26
rs41303343,CYP3A6