Program,xPONENT,,Unknown,,,,,,,,,,
Build,4.2.1509.0,,,,,,,,,,,,
Date,10/18/2022,11:28 AM,,,,,,,,,,,
,,,,,,,,,,,,,
SN,LX10018170422,,,,,,,,,,,,
Batch,ProcartaPlex Human Groth Factor Paner 11,,,,,,,,,,,,
Version,1,,,,,,,,,,,,
Operator,,,,,,,,,,,,,
ComputerName,ELPPSY-T099504,,,,,,,,,,,,
Country Code,409,,,,,,,,,,,,
ProtocolName,None,,,,,,,,,,,,
ProtocolVersion,1,,,,,,,,,,,,
ProtocolDescription,,,,,,,,,,,,,
ProtocolDevelopingCompany,,,,,,,,,,,,,
SampleVolume,50 uL,,,,,,,,,,,,
DDGate,7500 to 25000,,,,,,,,,,,,
SampleTimeout,60 sec,,,,,,,,,,,,
BatchStartTime,10/18/2022 16:18,,,,,,,,,,,,
BatchStopTime,10/18/2022 16:44,,,,,,,,,,,,
BatchDescription,<None>,,,,,,,,,,,,
ProtocolPlate,Name,Current 96-well plate,Type,96,Plates,1,,,,,,,
ProtocolMicrosphere,Map,100 regions,Type,MagPlex,Count,11,,,,,,,
ProtocolReporterGain,Default,,,,,,,,,,,,
ProtocolAnalysis,Type,Quan,Mode,FitOfAllStandards,,,,,,,,,
NormBead,None,,,,,,,,,,,,
ProtocolHeater,Off,,,,,,,,,,,,
,,,,,,,,,,,,,
Most Recent Calibration and Verification Results:,,,,,,,,,,,,,
Unknown,Passed 10/17/2022 14:47:10,,,,,,,,,,,,
Unknown,Passed 10/17/2022 14:48:13,,,,,,,,,,,,
Unknown,Passed 10/17/2022 14:50:10,,,,,,,,,,,,
Unknown,Passed 10/17/2022 14:51:05,,,,,,,,,,,,
Last Fluidics Test,Passed 10/17/2022 14:51:36,,,,,,,,,,,,
,,,,,,,,,,,,,
CALInfo:,,,,,,,,,,,,,
,,,,,,,,,,,,,
,,,,,,,,,,,,,
AssayLotInfo:,,,,,,,,,,,,,
KitName,LotNumber,ExpirationDate,Manufacturer,,,,,,,,,,
Growth Factor Panel 11plex,EPX110-12170-901,5/1/2025,Invitrogen,,,,,,,,,,
Reagent,LotName,LotNumber,ExpirationDate,Manufacturer,,,,,,,,,
Standard1,Growth Factor Panel 11plex,EPX110-12170-901,5/1/2025,Invitrogen ,,,,,,,,,
Standard2,Growth Factor Panel 11plex,EPX110-12170-901,5/1/2025,Invitrogen,,,,,,,,,
Standard3,Growth Factor Panel 11plex,EPX110-12170-901,5/1/2025,Invitrogen,,,,,,,,,
Standard4,Growth Factor Panel 11plex,EPX110-12170-901,5/1/2025,Invitrogen,,,,,,,,,
Standard5,Growth Factor Panel 11plex,EPX110-12170-901,5/1/2025,Invitrogen,,,,,,,,,
Standard6,Growth Factor Panel 11plex,EPX110-12170-901,5/1/2025,Invitrogen,,,,,,,,,
Standard7,Growth Factor Panel 11plex,EPX110-12170-901,5/1/2025,Invitrogen,,,,,,,,,
,,,,,,,,,,,,,
,,,,,,,,,,,,,
Samples,78,Min Events,100,Per Bead,,,,,,,,,
,,,,,,,,,,,,,
Results,,,,,,,,,,,,,
,,,,,,,,,,,,,
DataType:,Median,,,,,,,,,,,,
Location,Sample,LIF,PIGF-1,SCF,HGF,VEGF-D,NGF-beta,EGF,BDNF,FGF-2,PDGF-BB,VEGF-A,Total Events
"1(1,A1)",Standard1,2568.5,10427,14018.5,10271,11396,16675,2294,12622.5,7959,18865,12342.5,736
"2(1,B1)",Standard2,2732,7936,7941,6557,5505,10061,1767.5,14473,5859.5,11199,6884,645
"3(1,C1)",Standard3,2027,3776,3125.5,2603,2210,4207,896,9389,2656,4003,2784,667
"4(1,D1)",Standard4,955,1420,1009,756,779,1456,293,3789,982,1076.5,867.5,670
"5(1,E1)",Standard5,260,417,223.5,163,197,372.5,62,1064,259,215.5,251,683
"6(1,F1)",Standard6,100.5,177,83,61,72.5,131,21,445,118.5,106.5,116.5,730
"7(1,G1)",Standard7,44.5,99,48,23,35,48,10.5,177,60,52.5,57,652
"8(1,H1)",Background0,6.5,42,11.5,7,5,13,7.5,23,39,7,31.5,655
"9(1,A2)",Standard1,2399.5,9832.5,13632.5,9814,11015,16424,2331,12308,7788.5,18289.5,12150,650
"10(1,B2)",Standard2,2615,7744,7964,6241,5521,9875,1782,14898,5523.5,10581.5,6572,650
"11(1,C2)",Standard3,1921,3760,3081,2589,2363.5,4195.5,895,9397,2521.5,3950,2868,837
"12(1,D2)",Standard4,865,1392,978.5,768.5,794.5,1332,286,3990,998,988,912,683
"13(1,E2)",Standard5,301,465,270.5,200,229,406.5,73,1165,300,276,294,742
"14(1,F2)",Standard6,93,175,81,51,73,121.5,27,365,98.5,83.5,105,657
"15(1,G2)",Standard7,36.5,106,44,22,42,41,12,184.5,59,46.5,60,693
"16(1,H2)",Background0,7,49,10,8,5,12,7,19.5,39.5,5,35,753
"17(1,A3)",312,13.5,55,123,3647.5,21,21,11,181,5952,15,116,640
"18(1,B3)",309,11,46,106,3677,12,19,11,114,5620.5,10.5,107,705
"19(1,C3)",308,24,53.5,46,1355,9,15.5,8,66.5,5322,12,81.5,629
"20(1,D3)",301,11,56,62,1656,41,19,8,73,5462.5,9,81,722
"21(1,E3)",298,10,58,43,1163,9,16,9,68,5182.5,9,68.5,674
"22(1,F3)",287,8,43,40,852,32,15,7.5,56,3638,9,56,666
"23(1,G3)",286,11,48,42,2632,8,15.5,7,57,5294.5,14,67,677
"24(1,H3)",284,9,37.5,49,544.5,10,13,7,57,3118.5,11.5,54,676
"25(1,A4)",282,10,35.5,38,1646.5,12,16,8,62,4178,10,55.5,840
"26(1,B4)",281,11.5,53,49,604,6.5,18,10,68.5,4277.5,8,53.5,751
"27(1,C4)",280,16,41,55,1858.5,14,17,11,55,4382,8,65,647
"28(1,D4)",264,8,61.5,41,1577,58,16,11.5,107,4435,10,63,669
"29(1,E4)",261,7,40,51,776.5,15,15,8,49,4426,11,55,638
"30(1,F4)",247,8,62.5,55,896.5,8,16,8,60,3940.5,13,85,727
"31(1,G4)",210,8,50.5,73,668,6,14,7,33,4917,8,71,828
"32(1,H4)",207,9,36,30,413,6,14,9,62,3726.5,9,58,681
"33(1,A5)",194,8.5,47,61,1086,9,18.5,8,38,4105.5,8,56,711
"34(1,B5)",193,8,34.5,54,474.5,9,16,7.5,31,3769.5,8,41.5,656
"35(1,C5)",192,9,45.5,113.5,855,10.5,15.5,9,54,4819,10.5,81.5,824
"36(1,D5)",167,10,58.5,79,592,11,18,9,49,4474,9,88,682
"37(1,E5)",162,9,53.5,61.5,774.5,10,17,8,44,4484,8,88.5,657
"38(1,F5)",153,8,50.5,94,607,16,16,10,57,4949,10.5,72,685
"39(1,G5)",148,9,46,72,973,16,17.5,10,113,4740,10,98,768
"40(1,H5)",83,10.5,49,71,1331,16,18,10,47.5,4757,10,73,695
"41(1,A6)",82,8,66,51.5,1126,13,17,7,81,5262,8,78.5,677
"42(1,B6)",36,16.5,52,48,1032.5,8,18,7.5,33,5084,8,60,685
"43(1,C6)",33,10,47,68,806,6.5,17,10.5,50,4895,10,58.5,729
"44(1,D6)",29,31,62,50,734.5,11,21,22,63,4650,13.5,84,672
"45(1,E6)",15,46,57.5,92,439.5,6,20,8,37,6542,10.5,65,640
"46(1,F6)",16,9,56,74,1564,11.5,16.5,9.5,59.5,3892,12,152,845
"47(1,G6)",229,11,57,59,1438,13.5,15,11.5,179,5691,9,92,634
"48(1,H6)",28,9,56,82.5,923,9,15,9,67,5034,10,159.5,674
"49(1,A7)",79,7,47,89,814,10.5,17,9,42.5,5244,10,71,666
"50(1,B7)",47,8,37,108,892,8,16.5,9,40,4749,11,70,665
"51(1,C7)",40,6,50,62.5,622,9.5,13.5,7.5,59,5306.5,9,67,716
"52(1,D7)",275,8,33,55.5,1019.5,11,17,7,48,4015,8,56,685
"53(1,E7)",232,9,61,37,333,6,14,7,45.5,3786.5,7,83,624
"54(1,F7)",228,11,70,69.5,332.5,8.5,16,7,64,5722,10,86,640
"55(1,G7)",197,9,53,70,530,10.5,17,7.5,41,3774.5,9,51.5,695
"56(1,H7)",181,9,77,61,714.5,7.5,18,8,63,3294,9,127,749
"57(1,A8)",156,8.5,50,91,578,10,16,8,71,3900,9,89,639
"58(1,B8)",147,11,59.5,85.5,716,9.5,15,10.5,57,4226,9,111,657
"59(1,C8)",141,16.5,55,84,688,10,17,6,62.5,3989,7.5,81.5,608
"60(1,D8)",134,11,52.5,52,1366.5,15.5,17,10.5,62,5540,10,61,669
"61(1,E8)",132,8,42.5,68,716,10,16,11,47.5,3990,13,61,648
"62(1,F8)",131,14.5,60,86.5,2522,9,18,11.5,66.5,4499,11,56.5,660
"63(1,G8)",113,10,51,20.5,32,6.5,16,9,60.5,4999,9,80,639
"64(1,H8)",99,59,48,82,872.5,5,18,9,46,5086,12,50,753
"65(1,A9)",95,7,48,66,1443.5,8,12.5,9,47,4673,8,101,670
"66(1,B9)",94,9,52,65.5,2157,7,16,8,46,5129,9.5,75.5,728
"67(1,C9)",87,9,48,61,656.5,8,16,6.5,52,3957,9.5,69,665
"68(1,D9)",69,6,46,44,386,6,16,9,74.5,5820.5,9.5,53.5,688
"69(1,E9)",68,8,57,56,1195,8.5,16,10,62.5,6759,11,101.5,662
"70(1,F9)",205,7.5,62,31.5,332,5,15,7,41.5,5750,9,59,699
"71(1,G9)",24,9,55,97,1830.5,13,17,9,94.5,5875.5,9,92,751
"72(1,H9)",63,8,55,126.5,942,5,18.5,8,154.5,6817,9.5,74,594
"73(1,A10)",306,9,42,70,1196.5,6,17,9.5,52.5,6708,10,70,686
"74(1,B10)",290,16,54,62,909,5.5,12,9,36,5609,8,54,644
"75(1,C10)",17,9,61,55,319,16,17,7,59,5997,13.5,74.5,674
"76(1,D10)",198,7,58,25.5,55,12,15,8,84,5188,9,58,745
"77(1,E10)",30,9,50,62,537.5,9,15,9,94.5,6179.5,11,65,645
"78(1,F10)",41,9,54,58,1191.5,13.5,19.5,10,51,5741,11,62,662
"79(1,G10)",55,7,40.5,46,734,7,16,8,72,4557,7,54,633
"80(1,H10)",208,9.5,43,63,730,12,15,9,53,4260,8,58,675
"81(1,A11)",93,9.5,49,47,365.5,8.5,11,7,44,4127,8,62,627
"82(1,B11)",216,26,41.5,48,469,5,11,7.5,34.5,2865,6.5,51,704
"83(1,C11)",219,8.5,48,46,732,10,13,7,50,4003,8,48,745
"84(1,D11)",170,8,47,76.5,2453,17.5,15,8,68.5,4572,8,61,615
"85(1,E11)",180,7,41,48,385,4.5,9.5,8,42,3898,8,65.5,693
"86(1,F11)",296,6,44,40.5,510,7.5,13,9,47,4135,8,60,717
,,,,,,,,,,,,,
DataType:,Net MFI,,,,,,,,,,,,
Location,Sample,LIF,PIGF-1,SCF,HGF,VEGF-D,NGF-beta,EGF,BDNF,FGF-2,PDGF-BB,VEGF-A,Total Events
"1(1,A1)",Standard1,2561.75,10381.5,14007.75,10263.5,11391,16662.5,2286.75,12601.25,7919.75,18859,12309.25,736
"2(1,B1)",Standard2,2725.25,7890.5,7930.25,6549.5,5500,10048.5,1760.25,14451.75,5820.25,11193,6850.75,645
"3(1,C1)",Standard3,2020.25,3730.5,3114.75,2595.5,2205,4194.5,888.75,9367.75,2616.75,3997,2750.75,667
"4(1,D1)",Standard4,948.25,1374.5,998.25,748.5,774,1443.5,285.75,3767.75,942.75,1070.5,834.25,670
"5(1,E1)",Standard5,253.25,371.5,212.75,155.5,192,360,54.75,1042.75,219.75,209.5,217.75,683
"6(1,F1)",Standard6,93.75,131.5,72.25,53.5,67.5,118.5,13.75,423.75,79.25,100.5,83.25,730
"7(1,G1)",Standard7,37.75,53.5,37.25,15.5,30,35.5,3.25,155.75,20.75,46.5,23.75,652
"8(1,H1)",Background0,-0.25,-3.5,0.75,-0.5,0,0.5,0.25,1.75,-0.25,1,-1.75,655
"9(1,A2)",Standard1,2392.75,9787,13621.75,9806.5,11010,16411.5,2323.75,12286.75,7749.25,18283.5,12116.75,650
"10(1,B2)",Standard2,2608.25,7698.5,7953.25,6233.5,5516,9862.5,1774.75,14876.75,5484.25,10575.5,6538.75,650
"11(1,C2)",Standard3,1914.25,3714.5,3070.25,2581.5,2358.5,4183,887.75,9375.75,2482.25,3944,2834.75,837
"12(1,D2)",Standard4,858.25,1346.5,967.75,761,789.5,1319.5,278.75,3968.75,958.75,982,878.75,683
"13(1,E2)",Standard5,294.25,419.5,259.75,192.5,224,394,65.75,1143.75,260.75,270,260.75,742
"14(1,F2)",Standard6,86.25,129.5,70.25,43.5,68,109,19.75,343.75,59.25,77.5,71.75,657
"15(1,G2)",Standard7,29.75,60.5,33.25,14.5,37,28.5,4.75,163.25,19.75,40.5,26.75,693
"16(1,H2)",Background0,0.25,3.5,-0.75,0.5,0,-0.5,-0.25,-1.75,0.25,-1,1.75,753
"17(1,A3)",312,6.75,9.5,112.25,3640,16,8.5,3.75,159.75,5912.75,9,82.75,640
"18(1,B3)",309,4.25,0.5,95.25,3669.5,7,6.5,3.75,92.75,5581.25,4.5,73.75,705
"19(1,C3)",308,17.25,8,35.25,1347.5,4,3,0.75,45.25,5282.75,6,48.25,629
"20(1,D3)",301,4.25,10.5,51.25,1648.5,36,6.5,0.75,51.75,5423.25,3,47.75,722
"21(1,E3)",298,3.25,12.5,32.25,1155.5,4,3.5,1.75,46.75,5143.25,3,35.25,674
"22(1,F3)",287,1.25,-2.5,29.25,844.5,27,2.5,0.25,34.75,3598.75,3,22.75,666
"23(1,G3)",286,4.25,2.5,31.25,2624.5,3,3,-0.25,35.75,5255.25,8,33.75,677
"24(1,H3)",284,2.25,-8,38.25,537,5,0.5,-0.25,35.75,3079.25,5.5,20.75,676
"25(1,A4)",282,3.25,-10,27.25,1639,7,3.5,0.75,40.75,4138.75,4,22.25,840
"26(1,B4)",281,4.75,7.5,38.25,596.5,1.5,5.5,2.75,47.25,4238.25,2,20.25,751
"27(1,C4)",280,9.25,-4.5,44.25,1851,9,4.5,3.75,33.75,4342.75,2,31.75,647
"28(1,D4)",264,1.25,16,30.25,1569.5,53,3.5,4.25,85.75,4395.75,4,29.75,669
"29(1,E4)",261,0.25,-5.5,40.25,769,10,2.5,0.75,27.75,4386.75,5,21.75,638
"30(1,F4)",247,1.25,17,44.25,889,3,3.5,0.75,38.75,3901.25,7,51.75,727
"31(1,G4)",210,1.25,5,62.25,660.5,1,1.5,-0.25,11.75,4877.75,2,37.75,828
"32(1,H4)",207,2.25,-9.5,19.25,405.5,1,1.5,1.75,40.75,3687.25,3,24.75,681
"33(1,A5)",194,1.75,1.5,50.25,1078.5,4,6,0.75,16.75,4066.25,2,22.75,711
"34(1,B5)",193,1.25,-11,43.25,467,4,3.5,0.25,9.75,3730.25,2,8.25,656
"35(1,C5)",192,2.25,0,102.75,847.5,5.5,3,1.75,32.75,4779.75,4.5,48.25,824
"36(1,D5)",167,3.25,13,68.25,584.5,6,5.5,1.75,27.75,4434.75,3,54.75,682
"37(1,E5)",162,2.25,8,50.75,767,5,4.5,0.75,22.75,4444.75,2,55.25,657
"38(1,F5)",153,1.25,5,83.25,599.5,11,3.5,2.75,35.75,4909.75,4.5,38.75,685
"39(1,G5)",148,2.25,0.5,61.25,965.5,11,5,2.75,91.75,4700.75,4,64.75,768
"40(1,H5)",83,3.75,3.5,60.25,1323.5,11,5.5,2.75,26.25,4717.75,4,39.75,695
"41(1,A6)",82,1.25,20.5,40.75,1118.5,8,4.5,-0.25,59.75,5222.75,2,45.25,677
"42(1,B6)",36,9.75,6.5,37.25,1025,3,5.5,0.25,11.75,5044.75,2,26.75,685
"43(1,C6)",33,3.25,1.5,57.25,798.5,1.5,4.5,3.25,28.75,4855.75,4,25.25,729
"44(1,D6)",29,24.25,16.5,39.25,727,6,8.5,14.75,41.75,4610.75,7.5,50.75,672
"45(1,E6)",15,39.25,12,81.25,432,1,7.5,0.75,15.75,6502.75,4.5,31.75,640
"46(1,F6)",16,2.25,10.5,63.25,1556.5,6.5,4,2.25,38.25,3852.75,6,118.75,845
"47(1,G6)",229,4.25,11.5,48.25,1430.5,8.5,2.5,4.25,157.75,5651.75,3,58.75,634
"48(1,H6)",28,2.25,10.5,71.75,915.5,4,2.5,1.75,45.75,4994.75,4,126.25,674
"49(1,A7)",79,0.25,1.5,78.25,806.5,5.5,4.5,1.75,21.25,5204.75,4,37.75,666
"50(1,B7)",47,1.25,-8.5,97.25,884.5,3,4,1.75,18.75,4709.75,5,36.75,665
"51(1,C7)",40,-0.75,4.5,51.75,614.5,4.5,1,0.25,37.75,5267.25,3,33.75,716
"52(1,D7)",275,1.25,-12.5,44.75,1012,6,4.5,-0.25,26.75,3975.75,2,22.75,685
"53(1,E7)",232,2.25,15.5,26.25,325.5,1,1.5,-0.25,24.25,3747.25,1,49.75,624
"54(1,F7)",228,4.25,24.5,58.75,325,3.5,3.5,-0.25,42.75,5682.75,4,52.75,640
"55(1,G7)",197,2.25,7.5,59.25,522.5,5.5,4.5,0.25,19.75,3735.25,3,18.25,695
"56(1,H7)",181,2.25,31.5,50.25,707,2.5,5.5,0.75,41.75,3254.75,3,93.75,749
"57(1,A8)",156,1.75,4.5,80.25,570.5,5,3.5,0.75,49.75,3860.75,3,55.75,639
"58(1,B8)",147,4.25,14,74.75,708.5,4.5,2.5,3.25,35.75,4186.75,3,77.75,657
"59(1,C8)",141,9.75,9.5,73.25,680.5,5,4.5,-1.25,41.25,3949.75,1.5,48.25,608
"60(1,D8)",134,4.25,7,41.25,1359,10.5,4.5,3.25,40.75,5500.75,4,27.75,669
"61(1,E8)",132,1.25,-3,57.25,708.5,5,3.5,3.75,26.25,3950.75,7,27.75,648
"62(1,F8)",131,7.75,14.5,75.75,2514.5,4,5.5,4.25,45.25,4459.75,5,23.25,660
"63(1,G8)",113,3.25,5.5,9.75,24.5,1.5,3.5,1.75,39.25,4959.75,3,46.75,639
"64(1,H8)",99,52.25,2.5,71.25,865,0,5.5,1.75,24.75,5046.75,6,16.75,753
"65(1,A9)",95,0.25,2.5,55.25,1436,3,0,1.75,25.75,4633.75,2,67.75,670
"66(1,B9)",94,2.25,6.5,54.75,2149.5,2,3.5,0.75,24.75,5089.75,3.5,42.25,728
"67(1,C9)",87,2.25,2.5,50.25,649,3,3.5,-0.75,30.75,3917.75,3.5,35.75,665
"68(1,D9)",69,-0.75,0.5,33.25,378.5,1,3.5,1.75,53.25,5781.25,3.5,20.25,688
"69(1,E9)",68,1.25,11.5,45.25,1187.5,3.5,3.5,2.75,41.25,6719.75,5,68.25,662
"70(1,F9)",205,0.75,16.5,20.75,324.5,0,2.5,-0.25,20.25,5710.75,3,25.75,699
"71(1,G9)",24,2.25,9.5,86.25,1823,8,4.5,1.75,73.25,5836.25,3,58.75,751
"72(1,H9)",63,1.25,9.5,115.75,934.5,0,6,0.75,133.25,6777.75,3.5,40.75,594
"73(1,A10)",306,2.25,-3.5,59.25,1189,1,4.5,2.25,31.25,6668.75,4,36.75,686
"74(1,B10)",290,9.25,8.5,51.25,901.5,0.5,-0.5,1.75,14.75,5569.75,2,20.75,644
"75(1,C10)",17,2.25,15.5,44.25,311.5,11,4.5,-0.25,37.75,5957.75,7.5,41.25,674
"76(1,D10)",198,0.25,12.5,14.75,47.5,7,2.5,0.75,62.75,5148.75,3,24.75,745
"77(1,E10)",30,2.25,4.5,51.25,530,4,2.5,1.75,73.25,6140.25,5,31.75,645
"78(1,F10)",41,2.25,8.5,47.25,1184,8.5,7,2.75,29.75,5701.75,5,28.75,662
"79(1,G10)",55,0.25,-5,35.25,726.5,2,3.5,0.75,50.75,4517.75,1,20.75,633
"80(1,H10)",208,2.75,-2.5,52.25,722.5,7,2.5,1.75,31.75,4220.75,2,24.75,675
"81(1,A11)",93,2.75,3.5,36.25,358,3.5,-1.5,-0.25,22.75,4087.75,2,28.75,627
"82(1,B11)",216,19.25,-4,37.25,461.5,0,-1.5,0.25,13.25,2825.75,0.5,17.75,704
"83(1,C11)",219,1.75,2.5,35.25,724.5,5,0.5,-0.25,28.75,3963.75,2,14.75,745
"84(1,D11)",170,1.25,1.5,65.75,2445.5,12.5,2.5,0.75,47.25,4532.75,2,27.75,615
"85(1,E11)",180,0.25,-4.5,37.25,377.5,-0.5,-3,0.75,20.75,3858.75,2,32.25,693
"86(1,F11)",296,-0.75,-1.5,29.75,502.5,2.5,0.5,1.75,25.75,4095.75,2,26.75,717
,,,,,,,,,,,,,
DataType:,Count,,,,,,,,,,,,
Location,Sample,LIF,PIGF-1,SCF,HGF,VEGF-D,NGF-beta,EGF,BDNF,FGF-2,PDGF-BB,VEGF-A,Total Events
"1(1,A1)",Standard1,68,74,50,67,63,64,75,70,78,63,64,736
"2(1,B1)",Standard2,61,59,63,61,51,57,54,63,50,69,57,645
"3(1,C1)",Standard3,69,57,50,61,61,50,52,63,61,65,78,667
"4(1,D1)",Standard4,64,72,62,63,63,55,55,57,67,62,50,670
"5(1,E1)",Standard5,55,50,62,63,71,56,63,63,75,68,57,683
"6(1,F1)",Standard6,50,65,71,67,62,62,63,64,70,70,86,730
"7(1,G1)",Standard7,50,69,57,71,55,57,50,63,66,64,50,652
"8(1,H1)",Background0,50,62,64,73,53,67,52,58,68,58,50,655
"9(1,A2)",Standard1,56,60,58,53,61,59,51,71,50,68,63,650
"10(1,B2)",Standard2,54,63,51,63,62,50,57,59,60,64,67,650
"11(1,C2)",Standard3,76,50,89,79,66,84,77,87,70,65,94,837
"12(1,D2)",Standard4,55,55,60,70,62,67,50,65,61,72,66,683
"13(1,E2)",Standard5,63,75,50,63,73,74,67,55,62,85,75,742
"14(1,F2)",Standard6,63,54,64,76,54,68,52,50,50,70,56,657
"15(1,G2)",Standard7,58,59,67,69,64,62,58,72,64,50,70,693
"16(1,H2)",Background0,61,53,71,80,74,80,50,82,70,66,66,753
"17(1,A3)",312,50,57,65,60,51,67,65,52,62,54,57,640
"18(1,B3)",309,58,69,75,50,65,75,57,55,66,70,65,705
"19(1,C3)",308,53,50,65,53,55,60,50,56,67,58,62,629
"20(1,D3)",301,50,69,78,61,55,79,66,78,62,61,63,722
"21(1,E3)",298,73,55,73,58,51,69,53,65,50,55,72,674
"22(1,F3)",287,57,68,68,67,57,54,50,55,63,69,58,666
"23(1,G3)",286,58,63,63,67,60,50,55,67,72,55,67,677
"24(1,H3)",284,54,66,67,72,57,68,65,62,56,50,59,676
"25(1,A4)",282,50,68,80,96,76,81,86,81,71,73,78,840
"26(1,B4)",281,50,69,65,67,62,81,64,64,64,81,84,751
"27(1,C4)",280,57,51,61,54,73,68,50,55,75,52,51,647
"28(1,D4)",264,63,66,51,61,57,68,50,52,73,75,53,669
"29(1,E4)",261,51,58,73,56,51,53,55,57,50,59,75,638
"30(1,F4)",247,69,66,69,64,68,83,64,63,50,70,61,727
"31(1,G4)",210,75,66,85,77,67,69,50,79,94,87,79,828
"32(1,H4)",207,55,61,69,57,50,65,57,60,70,66,71,681
"33(1,A5)",194,50,67,66,67,71,70,60,59,78,63,60,711
"34(1,B5)",193,52,66,61,70,61,60,54,50,60,60,62,656
"35(1,C5)",192,70,70,84,99,50,78,63,79,81,72,78,824
"36(1,D5)",167,51,50,82,64,58,71,56,59,65,63,63,682
"37(1,E5)",162,58,70,66,52,61,72,53,61,50,54,60,657
"38(1,F5)",153,64,60,57,57,69,50,65,57,51,88,67,685
"39(1,G5)",148,65,73,75,73,71,70,50,87,67,72,65,768
"40(1,H5)",83,68,58,64,63,77,65,57,50,65,72,56,695
"41(1,A6)",82,64,57,64,61,59,69,61,69,50,61,62,677
"42(1,B6)",36,62,67,64,50,68,65,52,62,76,56,63,685
"43(1,C6)",33,68,59,79,78,50,70,56,53,71,79,66,729
"44(1,D6)",29,51,70,63,50,60,63,70,62,60,64,59,672
"45(1,E6)",15,57,50,61,58,56,59,57,61,55,70,56,640
"46(1,F6)",16,50,60,87,69,90,84,76,104,80,61,84,845
"47(1,G6)",229,55,65,68,61,54,53,50,53,55,62,58,634
"48(1,H6)",28,53,62,62,67,63,63,74,59,62,59,50,674
"49(1,A7)",79,50,61,53,61,56,64,65,68,60,73,55,666
"50(1,B7)",47,70,54,71,50,68,64,59,57,63,57,52,665
"51(1,C7)",40,66,73,64,76,62,60,50,62,60,87,56,716
"52(1,D7)",275,59,59,62,64,72,72,50,63,56,70,58,685
"53(1,E7)",232,59,52,59,54,69,60,58,50,50,55,58,624
"54(1,F7)",228,61,64,50,68,50,54,57,51,67,64,54,640
"55(1,G7)",197,59,50,67,71,54,71,58,65,60,66,74,695
"56(1,H7)",181,50,73,63,64,60,75,62,73,83,74,72,749
"57(1,A8)",156,60,56,61,58,50,59,51,57,67,65,55,639
"58(1,B8)",147,54,50,74,62,54,67,50,71,53,54,68,657
"59(1,C8)",141,54,57,50,54,51,63,54,60,55,54,56,608
"60(1,D8)",134,56,64,60,50,60,59,58,57,83,65,57,669
"61(1,E8)",132,66,52,57,53,59,63,65,50,57,59,67,648
"62(1,F8)",131,50,57,56,75,59,64,62,76,59,52,50,660
"63(1,G8)",113,50,56,64,67,56,50,53,52,58,67,66,639
"64(1,H8)",99,65,81,70,64,71,61,68,69,81,73,50,753
"65(1,A9)",95,50,58,72,62,56,60,55,53,63,78,63,670
"66(1,B9)",94,50,76,72,60,71,76,64,60,69,62,68,728
"67(1,C9)",87,60,60,53,72,51,60,50,61,65,62,71,665
"68(1,D9)",69,53,65,70,63,63,57,65,64,64,74,50,688
"69(1,E9)",68,57,65,53,69,50,54,63,64,61,66,60,662
"70(1,F9)",205,62,66,70,56,57,62,50,88,59,72,57,699
"71(1,G9)",24,52,81,67,50,60,83,56,68,62,99,73,751
"72(1,H9)",63,59,51,54,51,52,50,50,62,53,56,56,594
"73(1,A10)",306,57,53,55,66,67,65,52,50,71,83,67,686
"74(1,B10)",290,54,53,66,57,62,59,50,57,60,65,61,644
"75(1,C10)",17,50,53,59,61,70,68,65,68,58,70,52,674
"76(1,D10)",198,57,61,66,79,62,69,50,74,83,77,67,745
"77(1,E10)",30,50,64,65,66,50,57,56,68,56,58,55,645
"78(1,F10)",41,50,63,63,60,50,62,53,57,69,71,64,662
"79(1,G10)",55,65,52,50,53,50,58,62,68,61,62,52,633
"80(1,H10)",208,66,60,59,50,59,64,50,69,67,77,54,675
"81(1,A11)",93,60,59,61,60,50,56,55,63,51,57,55,627
"82(1,B11)",216,55,68,65,66,67,67,50,64,65,60,77,704
"83(1,C11)",219,50,77,63,62,81,84,58,64,63,62,81,745
"84(1,D11)",170,55,57,50,53,50,56,64,60,63,50,57,615
"85(1,E11)",180,61,51,58,56,74,54,65,70,88,50,66,693
"86(1,F11)",296,63,71,86,59,58,62,63,77,57,50,71,717
,,,,,,,,,,,,,
DataType:,Result,,,,,,,,,,,,
Location,Sample,LIF,PIGF-1,SCF,HGF,VEGF-D,NGF-beta,EGF,BDNF,FGF-2,PDGF-BB,VEGF-A,Total Events
"1(1,A1)",Standard1,12148.13567,7848.459419,4161.035571,30097.18948,8079.521017,27917.14933,11507.62463,1429.10064,13365.99449,20674.6536,21200.6024,736
"2(1,B1)",Standard2,> 17500,1723.462962,1020.680558,6641.016349,1839.84846,6665.091742,2566.699157,> 8300,3842.755073,4737.247813,4992.503193,645
"3(1,C1)",Standard3,1107.765407,372.879971,243.8409026,1602.545629,453.3909562,1674.110097,685.5162235,477.0444283,800.6258816,1185.287872,1280.930202,667
"4(1,D1)",Standard4,302.0625806,101.4833316,66.29843353,411.4799382,122.8321125,451.2955388,184.8366187,131.5263783,216.8575626,309.4823953,306.2034951,670
"5(1,E1)",Standard5,61.45324158,22.30527049,13.89014318,86.97256595,26.38391734,94.94110651,37.07917964,29.77630514,45.47572622,60.56839774,67.80335081,683
"6(1,F1)",Standard6,18.40499669,6.159918098,4.080163851,29.53496528,7.638625987,28.07821793,9.961545636,9.767394676,15.74676003,25.19624758,22.64047237,730
"7(1,G1)",Standard7,5.30069201,1.329386505,1.17530098,6.524437183,1.248299897,7.449915853,2.286948099,1.912892049,3.300269655,5.495469677,4.441181823,652
"8(1,H1)",Background0,NaN,NaN,NaN,NaN,NaN,NaN,NaN,NaN,NaN,NaN,NaN,655
"9(1,A2)",Standard1,2380.249275,4636.901045,3795.057049,23277.06235,7449.931001,26106.95363,14723.78282,1172.298835,11747.36962,17730.36523,20009.42508,650
"10(1,B2)",Standard2,> 17500,1595.140438,1026.352402,5994.430981,1849.211835,6422.142312,2633.715335,> 8300,3265.23112,4287.441277,4593.042981,650
"11(1,C2)",Standard3,958.9912057,370.4793444,239.3859743,1591.958121,497.3482978,1667.966856,684.4426231,477.8836685,740.7457583,1167.900465,1332.006603,837
"12(1,D2)",Standard4,265.6383093,99.03171069,64.17791582,418.4612825,125.6839819,406.8323581,180.1996407,139.9049877,221.0832402,284.5430986,324.9280521,683
"13(1,E2)",Standard5,73.37088134,25.68792827,17.00475916,107.2934358,31.20500789,104.8693658,44.10786152,33.18283671,54.29623533,79.21963607,82.95238648,742
"14(1,F2)",Standard6,16.55710322,6.032180521,3.926616364,23.66176458,7.716745568,25.62317653,14.09939094,7.336852749,11.53127023,17.16394783,18.99196385,657
"15(1,G2)",Standard7,3.614576076,1.745356799,0.779722968,5.875728371,2.606641707,5.831343768,3.447439838,2.117162696,3.08110255,2.973918874,5.302985466,693
"16(1,H2)",Background0,NaN,NaN,NaN,NaN,NaN,NaN,NaN,NaN,NaN,NaN,NaN,753
"17(1,A3)",312,< 4.2724609375,< 1.513671875,14.03385538,4972.685439,< 1.85546875,2.874949744,5.356534038,4.043283827,8044.697339,< 4.5166015625,44.96178077,640
"18(1,B3)",309,< 4.2724609375,< 1.513671875,11.58821049,5028.717238,< 1.85546875,2.060286947,5.356534038,0.576825924,6841.864834,< 4.5166015625,39.24617995,705
"19(1,C3)",308,2.343413122,< 1.513671875,1.963048845,1518.262686,< 1.85546875,0.699216828,0.373193037,< 2.0263671875,5933.423094,< 4.5166015625,23.4027015,629
"20(1,D3)",301,< 4.2724609375,< 1.513671875,4.821389396,1891.902956,4.846790394,2.060286947,0.373193037,< 2.0263671875,6342.897323,< 4.5166015625,23.09819801,722
"21(1,E3)",298,< 4.2724609375,< 1.513671875,1.349678191,1289.000672,< 1.85546875,0.886446391,2.143724607,< 2.0263671875,5555.492872,< 4.5166015625,15.58393161,674
"22(1,F3)",287,< 4.2724609375,< 1.513671875,0.668133261,930.7110579,1.107331497,0.515667531,< 2.685546875,< 2.0263671875,2678.091486,< 4.5166015625,8.31246447,666
"23(1,G3)",286,< 4.2724609375,< 1.513671875,1.132898272,3249.141497,< 1.85546875,0.699216828,< 2.685546875,< 2.0263671875,5856.753967,< 4.5166015625,14.69658472,677
"24(1,H3)",284,< 4.2724609375,< 1.513671875,2.539640483,589.3743569,< 1.85546875,< 6.494140625,< 2.685546875,< 2.0263671875,2059.747766,< 4.5166015625,7.180422771,676
"25(1,A4)",282,< 4.2724609375,< 1.513671875,0.097728043,1879.825732,< 1.85546875,0.886446391,0.373193037,< 2.0263671875,3471.159164,< 4.5166015625,8.028455908,840
"26(1,B4)",281,< 4.2724609375,< 1.513671875,2.539640483,654.6256444,< 1.85546875,1.661337724,3.77983463,< 2.0263671875,3637.840346,< 4.5166015625,6.899147055,751
"27(1,C4)",280,< 4.2724609375,< 1.513671875,3.625713907,2154.05414,< 1.85546875,1.269441607,5.356534038,< 2.0263671875,3820.811899,< 4.5166015625,13.51902713,647
"28(1,D4)",264,< 4.2724609375,< 1.513671875,0.90696144,1792.052709,10.66265955,0.886446391,6.129723818,0.256202692,3916.871103,< 4.5166015625,12.34825046,669
"29(1,E4)",261,< 4.2724609375,< 1.513671875,2.909940593,845.8689801,< 1.85546875,0.515667531,0.373193037,< 2.0263671875,3900.399865,< 4.5166015625,7.745099253,638
"30(1,F4)",247,< 4.2724609375,< 1.513671875,3.625713907,981.0803457,< 1.85546875,0.886446391,0.373193037,< 2.0263671875,3100.598174,< 4.5166015625,25.54171295,727
"31(1,G4)",210,< 4.2724609375,< 1.513671875,6.605091364,725.1924961,< 1.85546875,0.16521303,< 2.685546875,< 2.0263671875,4905.56458,< 4.5166015625,17.07031553,828
"32(1,H4)",207,< 4.2724609375,< 1.513671875,< 0.9765625,446.0973934,< 1.85546875,0.16521303,2.143724607,< 2.0263671875,2796.42676,< 4.5166015625,9.45466009,681
"33(1,A5)",194,< 4.2724609375,< 1.513671875,4.654098328,1198.867198,< 1.85546875,1.860015668,0.373193037,< 2.0263671875,3354.094411,< 4.5166015625,8.31246447,711
"34(1,B5)",193,< 4.2724609375,< 1.513671875,3.449438647,512.9734036,< 1.85546875,0.886446391,< 2.685546875,< 2.0263671875,2855.449209,< 4.5166015625,0.497131601,656
"35(1,C5)",192,< 4.2724609375,< 1.513671875,12.67445911,934.0980623,< 1.85546875,0.699216828,2.143724607,< 2.0263671875,4686.147468,< 4.5166015625,23.4027015,824
"36(1,D5)",167,< 4.2724609375,< 1.513671875,7.544292978,641.4398746,< 1.85546875,1.661337724,2.143724607,< 2.0263671875,3989.013609,< 4.5166015625,27.38512424,682
"37(1,E5)",162,< 4.2724609375,< 1.513671875,4.737872332,843.6316175,< 1.85546875,1.269441607,0.373193037,< 2.0263671875,4007.714864,< 4.5166015625,27.6932168,657
"38(1,F5)",153,< 4.2724609375,< 1.513671875,9.820872926,657.9242358,< 1.85546875,0.886446391,3.77983463,< 2.0263671875,4979.478345,< 4.5166015625,17.66735852,685
"39(1,G5)",148,< 4.2724609375,< 1.513671875,6.446550304,1068.337729,< 1.85546875,1.464413493,3.77983463,0.529932752,4516.551897,< 4.5166015625,33.59029936,768
"40(1,H5)",83,< 4.2724609375,< 1.513671875,6.287376201,1489.237483,< 1.85546875,1.661337724,3.77983463,< 2.0263671875,4552.517108,< 4.5166015625,18.26576531,695
"41(1,A6)",82,< 4.2724609375,< 1.513671875,3.001082871,1245.565757,< 1.85546875,1.269441607,< 2.685546875,< 2.0263671875,5767.542739,< 4.5166015625,21.57987268,677
"42(1,B6)",36,< 4.2724609375,< 1.513671875,2.35060196,1136.816294,< 1.85546875,1.661337724,< 2.685546875,< 2.0263671875,5304.338138,< 4.5166015625,10.60597093,685
"43(1,C6)",33,< 4.2724609375,< 1.513671875,5.8057896,878.9296844,< 1.85546875,1.269441607,4.573896198,< 2.0263671875,4855.407221,< 4.5166015625,9.741668757,729
"44(1,D6)",29,5.007241004,< 1.513671875,2.725995112,798.9891589,< 1.85546875,2.874949744,21.31802455,< 2.0263671875,4330.818899,< 4.5166015625,24.92925599,672
"45(1,E6)",15,11.24887154,< 1.513671875,9.522184401,474.8912403,< 1.85546875,2.465101419,0.373193037,< 2.0263671875,10896.62763,< 4.5166015625,13.51902713,640
"46(1,F6)",16,< 4.2724609375,< 1.513671875,6.763023429,1775.74692,< 1.85546875,1.076674841,2.971400211,< 2.0263671875,3029.32244,< 4.5166015625,68.32366257,845
"47(1,G6)",229,< 4.2724609375,< 1.513671875,4.316282565,1619.486842,< 1.85546875,0.515667531,6.129723818,3.934420472,7078.928648,< 4.5166015625,29.85645351,634
"48(1,H6)",28,< 4.2724609375,< 1.513671875,8.083720609,1011.209338,< 1.85546875,0.515667531,2.143724607,< 2.0263671875,5181.496999,< 4.5166015625,73.27787005,674
"49(1,A7)",79,< 4.2724609375,< 1.513671875,9.071608174,887.914825,< 1.85546875,1.269441607,2.143724607,< 2.0263671875,5718.772977,< 4.5166015625,17.07031553,666
"50(1,B7)",47,< 4.2724609375,< 1.513671875,11.87911841,975.9741362,< 1.85546875,1.076674841,2.143724607,< 2.0263671875,4535.556638,< 4.5166015625,16.47467454,665
"51(1,C7)",40,< 4.2724609375,< 1.513671875,4.904656426,674.4303815,< 1.85546875,0.008686262,< 2.685546875,< 2.0263671875,5890.074838,< 4.5166015625,14.69658472,716
"52(1,D7)",275,< 4.2724609375,< 1.513671875,3.713260901,1121.807525,< 1.85546875,1.269441607,< 2.685546875,< 2.0263671875,3212.89938,< 4.5166015625,8.31246447,685
"53(1,E7)",232,< 4.2724609375,< 1.513671875,< 0.9765625,359.2898114,< 1.85546875,0.16521303,< 2.685546875,< 2.0263671875,2879.066358,< 4.5166015625,24.31783748,624
"54(1,F7)",228,< 4.2724609375,< 1.513671875,6.047371419,358.747429,< 1.85546875,0.886446391,< 2.685546875,< 2.0263671875,7186.180036,< 4.5166015625,26.15518892,640
"55(1,G7)",197,< 4.2724609375,< 1.513671875,6.12754337,573.5187124,< 1.85546875,1.269441607,< 2.685546875,< 2.0263671875,2862.378657,< 4.5166015625,5.781723112,695
"56(1,H7)",181,< 4.2724609375,0.162022147,4.654098328,776.7408596,< 1.85546875,1.661337724,0.373193037,< 2.0263671875,2255.107292,< 4.5166015625,52.02043435,749
"57(1,A8)",156,< 4.2724609375,< 1.513671875,9.37234042,626.0734625,< 1.85546875,0.886446391,0.373193037,< 2.0263671875,3040.981806,< 4.5166015625,28.00154864,639
"58(1,B8)",147,< 4.2724609375,< 1.513671875,8.541771184,778.4078388,< 1.85546875,0.515667531,4.573896198,< 2.0263671875,3550.678255,< 4.5166015625,41.77944417,657
"59(1,C8)",141,< 4.2724609375,< 1.513671875,8.313218705,747.3338723,< 1.85546875,1.269441607,< 2.685546875,< 2.0263671875,3173.312508,< 4.5166015625,23.4027015,608
"60(1,D8)",134,< 4.2724609375,< 1.513671875,3.091705648,1532.209032,< 1.85546875,1.269441607,4.573896198,< 2.0263671875,6582.271345,< 4.5166015625,11.1847782,669
"61(1,E8)",132,< 4.2724609375,< 1.513671875,5.8057896,778.4078388,< 1.85546875,0.886446391,5.356534038,< 2.0263671875,3174.827186,< 4.5166015625,11.1847782,648
"62(1,F8)",131,< 4.2724609375,< 1.513671875,8.693634544,3083.385356,< 1.85546875,1.661337724,6.129723818,< 2.0263671875,4035.924272,< 4.5166015625,8.597106242,660
"63(1,G8)",113,< 4.2724609375,< 1.513671875,< 0.9765625,24.4009771,< 1.85546875,0.886446391,2.143724607,< 2.0263671875,5097.293957,< 4.5166015625,22.49002058,639
"64(1,H8)",99,17.02160738,< 1.513671875,8.00700357,953.8804119,< 1.85546875,1.661337724,2.143724607,< 2.0263671875,5309.315455,< 4.5166015625,4.952589629,753
"65(1,A9)",95,< 4.2724609375,< 1.513671875,5.481043923,1626.241587,< 1.85546875,< 6.494140625,2.143724607,< 2.0263671875,4377.549778,< 4.5166015625,35.4685436,670
"66(1,B9)",94,< 4.2724609375,< 1.513671875,5.39935767,2557.996514,< 1.85546875,0.886446391,0.373193037,< 2.0263671875,5417.538492,< 4.5166015625,19.7675181,728
"67(1,C9)",87,< 4.2724609375,< 1.513671875,4.654098328,712.4810553,< 1.85546875,0.886446391,< 2.685546875,< 2.0263671875,3125.172633,< 4.5166015625,15.88047626,665
"68(1,D9)",69,< 4.2724609375,< 1.513671875,1.559445937,416.7865592,< 1.85546875,0.886446391,2.143724607,< 2.0263671875,7539.828734,< 4.5166015625,6.899147055,688
"69(1,E9)",68,< 4.2724609375,< 1.513671875,3.800433144,1326.754895,< 1.85546875,0.886446391,3.77983463,< 2.0263671875,12267.58852,< 4.5166015625,35.78228606,662
"70(1,F9)",205,< 4.2724609375,< 1.513671875,< 0.9765625,358.2050444,< 1.85546875,0.515667531,< 2.685546875,< 2.0263671875,7284.687336,< 4.5166015625,10.02923217,699
"71(1,G9)",24,< 4.2724609375,< 1.513671875,10.266531,2117.256717,< 1.85546875,1.269441607,2.143724607,< 2.0263671875,7746.244476,< 4.5166015625,29.85645351,751
"72(1,H9)",63,< 4.2724609375,< 1.513671875,14.53060722,1032.8743,< 1.85546875,1.860015668,0.373193037,2.621183109,12672.50019,< 4.5166015625,18.86549996,594
"73(1,A10)",306,< 4.2724609375,< 1.513671875,6.12754337,1328.528979,< 1.85546875,1.269441607,2.971400211,< 2.0263671875,11925.72507,< 4.5166015625,16.47467454,686
"74(1,B10)",290,< 4.2724609375,< 1.513671875,4.821389396,995.2794866,< 1.85546875,< 6.494140625,2.143724607,< 2.0263671875,6804.070946,< 4.5166015625,7.180422771,644
"75(1,C10)",17,< 4.2724609375,< 1.513671875,3.625713907,344.1019811,< 1.85546875,1.269441607,< 2.685546875,< 2.0263671875,8226.733241,< 4.5166015625,19.16585457,674
"76(1,D10)",198,< 4.2724609375,< 1.513671875,< 0.9765625,52.04196847,< 1.85546875,0.515667531,0.373193037,< 2.0263671875,5569.887781,< 4.5166015625,9.45466009,745
"77(1,E10)",30,< 4.2724609375,< 1.513671875,4.821389396,581.71781,< 1.85546875,0.515667531,2.143724607,< 2.0263671875,9018.612052,< 4.5166015625,13.51902713,645
"78(1,F10)",41,< 4.2724609375,< 1.513671875,4.145626485,1322.616891,< 1.85546875,2.262019235,3.77983463,< 2.0263671875,7252.852783,< 4.5166015625,11.76556503,662
"79(1,G10)",55,< 4.2724609375,< 1.513671875,1.963048845,798.4323692,< 1.85546875,0.886446391,0.373193037,< 2.0263671875,4146.809743,< 4.5166015625,7.180422771,633
"80(1,H10)",208,< 4.2724609375,< 1.513671875,4.987680015,793.9791345,< 1.85546875,0.515667531,2.143724607,< 2.0263671875,3608.004521,< 4.5166015625,9.45466009,675
"81(1,A11)",93,< 4.2724609375,< 1.513671875,2.158544037,394.54399,< 1.85546875,< 6.494140625,< 2.685546875,< 2.0263671875,3388.435554,< 4.5166015625,11.76556503,627
"82(1,B11)",216,3.080646325,< 1.513671875,2.35060196,506.9845226,< 1.85546875,< 6.494140625,< 2.685546875,< 2.0263671875,1799.003878,< 4.5166015625,5.504435712,704
"83(1,C11)",219,< 4.2724609375,< 1.513671875,1.963048845,796.2055117,< 1.85546875,< 6.494140625,< 2.685546875,< 2.0263671875,3194.575342,< 4.5166015625,3.861089782,745
"84(1,D11)",170,< 4.2724609375,< 1.513671875,7.15533394,2981.224684,< 1.85546875,0.515667531,0.373193037,< 2.0263671875,4175.963424,< 4.5166015625,11.1847782,615
"85(1,E11)",180,< 4.2724609375,< 1.513671875,2.35060196,415.7013633,< 1.85546875,< 6.494140625,0.373193037,< 2.0263671875,3038.063383,< 4.5166015625,13.81279945,693
"86(1,F11)",296,< 4.2724609375,< 1.513671875,0.789499942,551.6755518,< 1.85546875,< 6.494140625,2.143724607,< 2.0263671875,3401.293618,< 4.5166015625,10.60597093,717
,,,,,,,,,,,,,
DataType:,Range,,,,,,,,,,,,
Location,Sample,LIF,PIGF-1,SCF,HGF,VEGF-D,NGF-beta,EGF,BDNF,FGF-2,PDGF-BB,VEGF-A,Total Events
"1(1,A1)",Standard1,,,,,,,,,,,,736
"2(1,B1)",Standard2,,,,,,,,,,,,645
"3(1,C1)",Standard3,,,,,,,,,,,,667
"4(1,D1)",Standard4,,,,,,,,,,,,670
"5(1,E1)",Standard5,,,,,,,,,,,,683
"6(1,F1)",Standard6,,,,,,,,,,,,730
"7(1,G1)",Standard7,,,,,,,,,,,,652
"8(1,H1)",Background0,,,,,,,,,,,,655
"9(1,A2)",Standard1,,,,,,,,,,,,650
"10(1,B2)",Standard2,,,,,,,,,,,,650
"11(1,C2)",Standard3,,,,,,,,,,,,837
"12(1,D2)",Standard4,,,,,,,,,,,,683
"13(1,E2)",Standard5,,,,,,,,,,,,742
"14(1,F2)",Standard6,,,,,,,,,,,,657
"15(1,G2)",Standard7,,,,,,,,,,,,693
"16(1,H2)",Background0,,,,,,,,,,,,753
"17(1,A3)",312,,,,,,,,,,,,640
"18(1,B3)",309,,,,,,,,,,,,705
"19(1,C3)",308,,,,,,,,,,,,629
"20(1,D3)",301,,,,,,,,,,,,722
"21(1,E3)",298,,,,,,,,,,,,674
"22(1,F3)",287,,,,,,,,,,,,666
"23(1,G3)",286,,,,,,,,,,,,677
"24(1,H3)",284,,,,,,,,,,,,676
"25(1,A4)",282,,,,,,,,,,,,840
"26(1,B4)",281,,,,,,,,,,,,751
"27(1,C4)",280,,,,,,,,,,,,647
"28(1,D4)",264,,,,,,,,,,,,669
"29(1,E4)",261,,,,,,,,,,,,638
"30(1,F4)",247,,,,,,,,,,,,727
"31(1,G4)",210,,,,,,,,,,,,828
"32(1,H4)",207,,,,,,,,,,,,681
"33(1,A5)",194,,,,,,,,,,,,711
"34(1,B5)",193,,,,,,,,,,,,656
"35(1,C5)",192,,,,,,,,,,,,824
"36(1,D5)",167,,,,,,,,,,,,682
"37(1,E5)",162,,,,,,,,,,,,657
"38(1,F5)",153,,,,,,,,,,,,685
"39(1,G5)",148,,,,,,,,,,,,768
"40(1,H5)",83,,,,,,,,,,,,695
"41(1,A6)",82,,,,,,,,,,,,677
"42(1,B6)",36,,,,,,,,,,,,685
"43(1,C6)",33,,,,,,,,,,,,729
"44(1,D6)",29,,,,,,,,,,,,672
"45(1,E6)",15,,,,,,,,,,,,640
"46(1,F6)",16,,,,,,,,,,,,845
"47(1,G6)",229,,,,,,,,,,,,634
"48(1,H6)",28,,,,,,,,,,,,674
"49(1,A7)",79,,,,,,,,,,,,666
"50(1,B7)",47,,,,,,,,,,,,665
"51(1,C7)",40,,,,,,,,,,,,716
"52(1,D7)",275,,,,,,,,,,,,685
"53(1,E7)",232,,,,,,,,,,,,624
"54(1,F7)",228,,,,,,,,,,,,640
"55(1,G7)",197,,,,,,,,,,,,695
"56(1,H7)",181,,,,,,,,,,,,749
"57(1,A8)",156,,,,,,,,,,,,639
"58(1,B8)",147,,,,,,,,,,,,657
"59(1,C8)",141,,,,,,,,,,,,608
"60(1,D8)",134,,,,,,,,,,,,669
"61(1,E8)",132,,,,,,,,,,,,648
"62(1,F8)",131,,,,,,,,,,,,660
"63(1,G8)",113,,,,,,,,,,,,639
"64(1,H8)",99,,,,,,,,,,,,753
"65(1,A9)",95,,,,,,,,,,,,670
"66(1,B9)",94,,,,,,,,,,,,728
"67(1,C9)",87,,,,,,,,,,,,665
"68(1,D9)",69,,,,,,,,,,,,688
"69(1,E9)",68,,,,,,,,,,,,662
"70(1,F9)",205,,,,,,,,,,,,699
"71(1,G9)",24,,,,,,,,,,,,751
"72(1,H9)",63,,,,,,,,,,,,594
"73(1,A10)",306,,,,,,,,,,,,686
"74(1,B10)",290,,,,,,,,,,,,644
"75(1,C10)",17,,,,,,,,,,,,674
"76(1,D10)",198,,,,,,,,,,,,745
"77(1,E10)",30,,,,,,,,,,,,645
"78(1,F10)",41,,,,,,,,,,,,662
"79(1,G10)",55,,,,,,,,,,,,633
"80(1,H10)",208,,,,,,,,,,,,675
"81(1,A11)",93,,,,,,,,,,,,627
"82(1,B11)",216,,,,,,,,,,,,704
"83(1,C11)",219,,,,,,,,,,,,745
"84(1,D11)",170,,,,,,,,,,,,615
"85(1,E11)",180,,,,,,,,,,,,693
"86(1,F11)",296,,,,,,,,,,,,717
,,,,,,,,,,,,,
DataType:,Avg Net MFI,,,,,,,,,,,,
Sample,LIF,PIGF-1,SCF,HGF,VEGF-D,NGF-beta,EGF,BDNF,FGF-2,PDGF-BB,VEGF-A,,
Standard1,2477.25,10084.25,13814.75,10035,11200.5,16537,2305.25,12444,7834.5,18571.25,12213,,
Standard2,2666.75,7794.5,7941.75,6391.5,5508,9955.5,1767.5,14664.25,5652.25,10884.25,6694.75,,
Standard3,1967.25,3722.5,3092.5,2588.5,2281.75,4188.75,888.25,9371.75,2549.5,3970.5,2792.75,,
Standard4,903.25,1360.5,983,754.75,781.75,1381.5,282.25,3868.25,950.75,1026.25,856.5,,
Standard5,273.75,395.5,236.25,174,208,377,60.25,1093.25,240.25,239.75,239.25,,
Standard6,90,130.5,71.25,48.5,67.75,113.75,16.75,383.75,69.25,89,77.5,,
Standard7,33.75,57,35.25,15,33.5,32,4,159.5,20.25,43.5,25.25,,
312,6.75,9.5,112.25,3640,16,8.5,3.75,159.75,5912.75,9,82.75,,
309,4.25,0.5,95.25,3669.5,7,6.5,3.75,92.75,5581.25,4.5,73.75,,
308,17.25,8,35.25,1347.5,4,3,0.75,45.25,5282.75,6,48.25,,
298,3.25,12.5,32.25,1155.5,4,3.5,1.75,46.75,5143.25,3,35.25,,
301,4.25,10.5,51.25,1648.5,36,6.5,0.75,51.75,5423.25,3,47.75,,
287,1.25,-2.5,29.25,844.5,27,2.5,0.25,34.75,3598.75,3,22.75,,
286,4.25,2.5,31.25,2624.5,3,3,-0.25,35.75,5255.25,8,33.75,,
284,2.25,-8,38.25,537,5,0.5,-0.25,35.75,3079.25,5.5,20.75,,
282,3.25,-10,27.25,1639,7,3.5,0.75,40.75,4138.75,4,22.25,,
281,4.75,7.5,38.25,596.5,1.5,5.5,2.75,47.25,4238.25,2,20.25,,
280,9.25,-4.5,44.25,1851,9,4.5,3.75,33.75,4342.75,2,31.75,,
264,1.25,16,30.25,1569.5,53,3.5,4.25,85.75,4395.75,4,29.75,,
261,0.25,-5.5,40.25,769,10,2.5,0.75,27.75,4386.75,5,21.75,,
247,1.25,17,44.25,889,3,3.5,0.75,38.75,3901.25,7,51.75,,
210,1.25,5,62.25,660.5,1,1.5,-0.25,11.75,4877.75,2,37.75,,
207,2.25,-9.5,19.25,405.5,1,1.5,1.75,40.75,3687.25,3,24.75,,
194,1.75,1.5,50.25,1078.5,4,6,0.75,16.75,4066.25,2,22.75,,
193,1.25,-11,43.25,467,4,3.5,0.25,9.75,3730.25,2,8.25,,
192,2.25,0,102.75,847.5,5.5,3,1.75,32.75,4779.75,4.5,48.25,,
167,3.25,13,68.25,584.5,6,5.5,1.75,27.75,4434.75,3,54.75,,
162,2.25,8,50.75,767,5,4.5,0.75,22.75,4444.75,2,55.25,,
153,1.25,5,83.25,599.5,11,3.5,2.75,35.75,4909.75,4.5,38.75,,
148,2.25,0.5,61.25,965.5,11,5,2.75,91.75,4700.75,4,64.75,,
83,3.75,3.5,60.25,1323.5,11,5.5,2.75,26.25,4717.75,4,39.75,,
82,1.25,20.5,40.75,1118.5,8,4.5,-0.25,59.75,5222.75,2,45.25,,
36,9.75,6.5,37.25,1025,3,5.5,0.25,11.75,5044.75,2,26.75,,
33,3.25,1.5,57.25,798.5,1.5,4.5,3.25,28.75,4855.75,4,25.25,,
29,24.25,16.5,39.25,727,6,8.5,14.75,41.75,4610.75,7.5,50.75,,
15,39.25,12,81.25,432,1,7.5,0.75,15.75,6502.75,4.5,31.75,,
16,2.25,10.5,63.25,1556.5,6.5,4,2.25,38.25,3852.75,6,118.75,,
229,4.25,11.5,48.25,1430.5,8.5,2.5,4.25,157.75,5651.75,3,58.75,,
28,2.25,10.5,71.75,915.5,4,2.5,1.75,45.75,4994.75,4,126.25,,
79,0.25,1.5,78.25,806.5,5.5,4.5,1.75,21.25,5204.75,4,37.75,,
47,1.25,-8.5,97.25,884.5,3,4,1.75,18.75,4709.75,5,36.75,,
40,-0.75,4.5,51.75,614.5,4.5,1,0.25,37.75,5267.25,3,33.75,,
275,1.25,-12.5,44.75,1012,6,4.5,-0.25,26.75,3975.75,2,22.75,,
232,2.25,15.5,26.25,325.5,1,1.5,-0.25,24.25,3747.25,1,49.75,,
228,4.25,24.5,58.75,325,3.5,3.5,-0.25,42.75,5682.75,4,52.75,,
197,2.25,7.5,59.25,522.5,5.5,4.5,0.25,19.75,3735.25,3,18.25,,
181,2.25,31.5,50.25,707,2.5,5.5,0.75,41.75,3254.75,3,93.75,,
156,1.75,4.5,80.25,570.5,5,3.5,0.75,49.75,3860.75,3,55.75,,
147,4.25,14,74.75,708.5,4.5,2.5,3.25,35.75,4186.75,3,77.75,,
141,9.75,9.5,73.25,680.5,5,4.5,-1.25,41.25,3949.75,1.5,48.25,,
134,4.25,7,41.25,1359,10.5,4.5,3.25,40.75,5500.75,4,27.75,,
132,1.25,-3,57.25,708.5,5,3.5,3.75,26.25,3950.75,7,27.75,,
131,7.75,14.5,75.75,2514.5,4,5.5,4.25,45.25,4459.75,5,23.25,,
113,3.25,5.5,9.75,24.5,1.5,3.5,1.75,39.25,4959.75,3,46.75,,
99,52.25,2.5,71.25,865,0,5.5,1.75,24.75,5046.75,6,16.75,,
95,0.25,2.5,55.25,1436,3,0,1.75,25.75,4633.75,2,67.75,,
94,2.25,6.5,54.75,2149.5,2,3.5,0.75,24.75,5089.75,3.5,42.25,,
87,2.25,2.5,50.25,649,3,3.5,-0.75,30.75,3917.75,3.5,35.75,,
69,-0.75,0.5,33.25,378.5,1,3.5,1.75,53.25,5781.25,3.5,20.25,,
68,1.25,11.5,45.25,1187.5,3.5,3.5,2.75,41.25,6719.75,5,68.25,,
205,0.75,16.5,20.75,324.5,0,2.5,-0.25,20.25,5710.75,3,25.75,,
24,2.25,9.5,86.25,1823,8,4.5,1.75,73.25,5836.25,3,58.75,,
63,1.25,9.5,115.75,934.5,0,6,0.75,133.25,6777.75,3.5,40.75,,
306,2.25,-3.5,59.25,1189,1,4.5,2.25,31.25,6668.75,4,36.75,,
290,9.25,8.5,51.25,901.5,0.5,-0.5,1.75,14.75,5569.75,2,20.75,,
17,2.25,15.5,44.25,311.5,11,4.5,-0.25,37.75,5957.75,7.5,41.25,,
198,0.25,12.5,14.75,47.5,7,2.5,0.75,62.75,5148.75,3,24.75,,
30,2.25,4.5,51.25,530,4,2.5,1.75,73.25,6140.25,5,31.75,,
41,2.25,8.5,47.25,1184,8.5,7,2.75,29.75,5701.75,5,28.75,,
55,0.25,-5,35.25,726.5,2,3.5,0.75,50.75,4517.75,1,20.75,,
208,2.75,-2.5,52.25,722.5,7,2.5,1.75,31.75,4220.75,2,24.75,,
93,2.75,3.5,36.25,358,3.5,-1.5,-0.25,22.75,4087.75,2,28.75,,
216,19.25,-4,37.25,461.5,0,-1.5,0.25,13.25,2825.75,0.5,17.75,,
219,1.75,2.5,35.25,724.5,5,0.5,-0.25,28.75,3963.75,2,14.75,,
170,1.25,1.5,65.75,2445.5,12.5,2.5,0.75,47.25,4532.75,2,27.75,,
180,0.25,-4.5,37.25,377.5,-0.5,-3,0.75,20.75,3858.75,2,32.25,,
296,-0.75,-1.5,29.75,502.5,2.5,0.5,1.75,25.75,4095.75,2,26.75,,
,,,,,,,,,,,,,
DataType:,Avg Result,,,,,,,,,,,,
Sample,LIF,PIGF-1,SCF,HGF,VEGF-D,NGF-beta,EGF,BDNF,FGF-2,PDGF-BB,VEGF-A,,
Standard1,7264.192471,6242.680232,3978.04631,26687.12591,7764.726009,27012.05148,13115.70373,1300.699737,12556.68205,19202.50942,20605.01374,,
Standard2,> 17500,1659.3017,1023.51648,6317.723665,1844.530147,6543.617027,2600.207246,> 8300,3553.993097,4512.344545,4792.773087,,
Standard3,1033.378306,371.6796577,241.6134384,1597.251875,475.369627,1671.038476,684.9794233,477.4640484,770.6858199,1176.594168,1306.468402,,
Standard4,283.850445,100.2575211,65.23817468,414.9706103,124.2580472,429.0639484,182.5181297,135.715683,218.9704014,297.012747,315.5657736,,
Standard5,67.41206146,23.99659938,15.44745117,97.13300087,28.79446262,99.90523618,40.59352058,31.47957093,49.88598078,69.89401691,75.37786864,,
Standard6,17.48104996,6.09604931,4.003390108,26.59836493,7.677685778,26.85069723,12.03046829,8.552123713,13.63901513,21.18009771,20.81621811,,
Standard7,4.457634043,1.537371652,0.977511974,6.200082777,1.927470802,6.64062981,2.867193968,2.015027372,3.190686103,4.234694276,4.872083645,,
312,< 4.2724609375,< 1.513671875,14.03385538,4972.685439,< 1.85546875,2.874949744,5.356534038,4.043283827,8044.697339,< 4.5166015625,44.96178077,,
309,< 4.2724609375,< 1.513671875,11.58821049,5028.717238,< 1.85546875,2.060286947,5.356534038,0.576825924,6841.864834,< 4.5166015625,39.24617995,,
308,2.343413122,< 1.513671875,1.963048845,1518.262686,< 1.85546875,0.699216828,0.373193037,< 2.0263671875,5933.423094,< 4.5166015625,23.4027015,,
298,< 4.2724609375,< 1.513671875,1.349678191,1289.000672,< 1.85546875,0.886446391,2.143724607,< 2.0263671875,5555.492872,< 4.5166015625,15.58393161,,
301,< 4.2724609375,< 1.513671875,4.821389396,1891.902956,4.846790394,2.060286947,0.373193037,< 2.0263671875,6342.897323,< 4.5166015625,23.09819801,,
287,< 4.2724609375,< 1.513671875,0.668133261,930.7110579,1.107331497,0.515667531,< 2.685546875,< 2.0263671875,2678.091486,< 4.5166015625,8.31246447,,
286,< 4.2724609375,< 1.513671875,1.132898272,3249.141497,< 1.85546875,0.699216828,< 2.685546875,< 2.0263671875,5856.753967,< 4.5166015625,14.69658472,,
284,< 4.2724609375,< 1.513671875,2.539640483,589.3743569,< 1.85546875,< 6.494140625,< 2.685546875,< 2.0263671875,2059.747766,< 4.5166015625,7.180422771,,
282,< 4.2724609375,< 1.513671875,0.097728043,1879.825732,< 1.85546875,0.886446391,0.373193037,< 2.0263671875,3471.159164,< 4.5166015625,8.028455908,,
281,< 4.2724609375,< 1.513671875,2.539640483,654.6256444,< 1.85546875,1.661337724,3.77983463,< 2.0263671875,3637.840346,< 4.5166015625,6.899147055,,
280,< 4.2724609375,< 1.513671875,3.625713907,2154.05414,< 1.85546875,1.269441607,5.356534038,< 2.0263671875,3820.811899,< 4.5166015625,13.51902713,,
264,< 4.2724609375,< 1.513671875,0.90696144,1792.052709,10.66265955,0.886446391,6.129723818,0.256202692,3916.871103,< 4.5166015625,12.34825046,,
261,< 4.2724609375,< 1.513671875,2.909940593,845.8689801,< 1.85546875,0.515667531,0.373193037,< 2.0263671875,3900.399865,< 4.5166015625,7.745099253,,
247,< 4.2724609375,< 1.513671875,3.625713907,981.0803457,< 1.85546875,0.886446391,0.373193037,< 2.0263671875,3100.598174,< 4.5166015625,25.54171295,,
210,< 4.2724609375,< 1.513671875,6.605091364,725.1924961,< 1.85546875,0.16521303,< 2.685546875,< 2.0263671875,4905.56458,< 4.5166015625,17.07031553,,
207,< 4.2724609375,< 1.513671875,< 0.9765625,446.0973934,< 1.85546875,0.16521303,2.143724607,< 2.0263671875,2796.42676,< 4.5166015625,9.45466009,,
194,< 4.2724609375,< 1.513671875,4.654098328,1198.867198,< 1.85546875,1.860015668,0.373193037,< 2.0263671875,3354.094411,< 4.5166015625,8.31246447,,
193,< 4.2724609375,< 1.513671875,3.449438647,512.9734036,< 1.85546875,0.886446391,< 2.685546875,< 2.0263671875,2855.449209,< 4.5166015625,0.497131601,,
192,< 4.2724609375,< 1.513671875,12.67445911,934.0980623,< 1.85546875,0.699216828,2.143724607,< 2.0263671875,4686.147468,< 4.5166015625,23.4027015,,
167,< 4.2724609375,< 1.513671875,7.544292978,641.4398746,< 1.85546875,1.661337724,2.143724607,< 2.0263671875,3989.013609,< 4.5166015625,27.38512424,,
162,< 4.2724609375,< 1.513671875,4.737872332,843.6316175,< 1.85546875,1.269441607,0.373193037,< 2.0263671875,4007.714864,< 4.5166015625,27.6932168,,
153,< 4.2724609375,< 1.513671875,9.820872926,657.9242358,< 1.85546875,0.886446391,3.77983463,< 2.0263671875,4979.478345,< 4.5166015625,17.66735852,,
148,< 4.2724609375,< 1.513671875,6.446550304,1068.337729,< 1.85546875,1.464413493,3.77983463,0.529932752,4516.551897,< 4.5166015625,33.59029936,,
83,< 4.2724609375,< 1.513671875,6.287376201,1489.237483,< 1.85546875,1.661337724,3.77983463,< 2.0263671875,4552.517108,< 4.5166015625,18.26576531,,
82,< 4.2724609375,< 1.513671875,3.001082871,1245.565757,< 1.85546875,1.269441607,< 2.685546875,< 2.0263671875,5767.542739,< 4.5166015625,21.57987268,,
36,< 4.2724609375,< 1.513671875,2.35060196,1136.816294,< 1.85546875,1.661337724,< 2.685546875,< 2.0263671875,5304.338138,< 4.5166015625,10.60597093,,
33,< 4.2724609375,< 1.513671875,5.8057896,878.9296844,< 1.85546875,1.269441607,4.573896198,< 2.0263671875,4855.407221,< 4.5166015625,9.741668757,,
29,5.007241004,< 1.513671875,2.725995112,798.9891589,< 1.85546875,2.874949744,21.31802455,< 2.0263671875,4330.818899,< 4.5166015625,24.92925599,,
15,11.24887154,< 1.513671875,9.522184401,474.8912403,< 1.85546875,2.465101419,0.373193037,< 2.0263671875,10896.62763,< 4.5166015625,13.51902713,,
16,< 4.2724609375,< 1.513671875,6.763023429,1775.74692,< 1.85546875,1.076674841,2.971400211,< 2.0263671875,3029.32244,< 4.5166015625,68.32366257,,
229,< 4.2724609375,< 1.513671875,4.316282565,1619.486842,< 1.85546875,0.515667531,6.129723818,3.934420472,7078.928648,< 4.5166015625,29.85645351,,
28,< 4.2724609375,< 1.513671875,8.083720609,1011.209338,< 1.85546875,0.515667531,2.143724607,< 2.0263671875,5181.496999,< 4.5166015625,73.27787005,,
79,< 4.2724609375,< 1.513671875,9.071608174,887.914825,< 1.85546875,1.269441607,2.143724607,< 2.0263671875,5718.772977,< 4.5166015625,17.07031553,,
47,< 4.2724609375,< 1.513671875,11.87911841,975.9741362,< 1.85546875,1.076674841,2.143724607,< 2.0263671875,4535.556638,< 4.5166015625,16.47467454,,
40,< 4.2724609375,< 1.513671875,4.904656426,674.4303815,< 1.85546875,0.008686262,< 2.685546875,< 2.0263671875,5890.074838,< 4.5166015625,14.69658472,,
275,< 4.2724609375,< 1.513671875,3.713260901,1121.807525,< 1.85546875,1.269441607,< 2.685546875,< 2.0263671875,3212.89938,< 4.5166015625,8.31246447,,
232,< 4.2724609375,< 1.513671875,< 0.9765625,359.2898114,< 1.85546875,0.16521303,< 2.685546875,< 2.0263671875,2879.066358,< 4.5166015625,24.31783748,,
228,< 4.2724609375,< 1.513671875,6.047371419,358.747429,< 1.85546875,0.886446391,< 2.685546875,< 2.0263671875,7186.180036,< 4.5166015625,26.15518892,,
197,< 4.2724609375,< 1.513671875,6.12754337,573.5187124,< 1.85546875,1.269441607,< 2.685546875,< 2.0263671875,2862.378657,< 4.5166015625,5.781723112,,
181,< 4.2724609375,0.162022147,4.654098328,776.7408596,< 1.85546875,1.661337724,0.373193037,< 2.0263671875,2255.107292,< 4.5166015625,52.02043435,,
156,< 4.2724609375,< 1.513671875,9.37234042,626.0734625,< 1.85546875,0.886446391,0.373193037,< 2.0263671875,3040.981806,< 4.5166015625,28.00154864,,
147,< 4.2724609375,< 1.513671875,8.541771184,778.4078388,< 1.85546875,0.515667531,4.573896198,< 2.0263671875,3550.678255,< 4.5166015625,41.77944417,,
141,< 4.2724609375,< 1.513671875,8.313218705,747.3338723,< 1.85546875,1.269441607,< 2.685546875,< 2.0263671875,3173.312508,< 4.5166015625,23.4027015,,
134,< 4.2724609375,< 1.513671875,3.091705648,1532.209032,< 1.85546875,1.269441607,4.573896198,< 2.0263671875,6582.271345,< 4.5166015625,11.1847782,,
132,< 4.2724609375,< 1.513671875,5.8057896,778.4078388,< 1.85546875,0.886446391,5.356534038,< 2.0263671875,3174.827186,< 4.5166015625,11.1847782,,
131,< 4.2724609375,< 1.513671875,8.693634544,3083.385356,< 1.85546875,1.661337724,6.129723818,< 2.0263671875,4035.924272,< 4.5166015625,8.597106242,,
113,< 4.2724609375,< 1.513671875,< 0.9765625,24.4009771,< 1.85546875,0.886446391,2.143724607,< 2.0263671875,5097.293957,< 4.5166015625,22.49002058,,
99,17.02160738,< 1.513671875,8.00700357,953.8804119,< 1.85546875,1.661337724,2.143724607,< 2.0263671875,5309.315455,< 4.5166015625,4.952589629,,
95,< 4.2724609375,< 1.513671875,5.481043923,1626.241587,< 1.85546875,< 6.494140625,2.143724607,< 2.0263671875,4377.549778,< 4.5166015625,35.4685436,,
94,< 4.2724609375,< 1.513671875,5.39935767,2557.996514,< 1.85546875,0.886446391,0.373193037,< 2.0263671875,5417.538492,< 4.5166015625,19.7675181,,
87,< 4.2724609375,< 1.513671875,4.654098328,712.4810553,< 1.85546875,0.886446391,< 2.685546875,< 2.0263671875,3125.172633,< 4.5166015625,15.88047626,,
69,< 4.2724609375,< 1.513671875,1.559445937,416.7865592,< 1.85546875,0.886446391,2.143724607,< 2.0263671875,7539.828734,< 4.5166015625,6.899147055,,
68,< 4.2724609375,< 1.513671875,3.800433144,1326.754895,< 1.85546875,0.886446391,3.77983463,< 2.0263671875,12267.58852,< 4.5166015625,35.78228606,,
205,< 4.2724609375,< 1.513671875,< 0.9765625,358.2050444,< 1.85546875,0.515667531,< 2.685546875,< 2.0263671875,7284.687336,< 4.5166015625,10.02923217,,
24,< 4.2724609375,< 1.513671875,10.266531,2117.256717,< 1.85546875,1.269441607,2.143724607,< 2.0263671875,7746.244476,< 4.5166015625,29.85645351,,
63,< 4.2724609375,< 1.513671875,14.53060722,1032.8743,< 1.85546875,1.860015668,0.373193037,2.621183109,12672.50019,< 4.5166015625,18.86549996,,
306,< 4.2724609375,< 1.513671875,6.12754337,1328.528979,< 1.85546875,1.269441607,2.971400211,< 2.0263671875,11925.72507,< 4.5166015625,16.47467454,,
290,< 4.2724609375,< 1.513671875,4.821389396,995.2794866,< 1.85546875,< 6.494140625,2.143724607,< 2.0263671875,6804.070946,< 4.5166015625,7.180422771,,
17,< 4.2724609375,< 1.513671875,3.625713907,344.1019811,< 1.85546875,1.269441607,< 2.685546875,< 2.0263671875,8226.733241,< 4.5166015625,19.16585457,,
198,< 4.2724609375,< 1.513671875,< 0.9765625,52.04196847,< 1.85546875,0.515667531,0.373193037,< 2.0263671875,5569.887781,< 4.5166015625,9.45466009,,
30,< 4.2724609375,< 1.513671875,4.821389396,581.71781,< 1.85546875,0.515667531,2.143724607,< 2.0263671875,9018.612052,< 4.5166015625,13.51902713,,
41,< 4.2724609375,< 1.513671875,4.145626485,1322.616891,< 1.85546875,2.262019235,3.77983463,< 2.0263671875,7252.852783,< 4.5166015625,11.76556503,,
55,< 4.2724609375,< 1.513671875,1.963048845,798.4323692,< 1.85546875,0.886446391,0.373193037,< 2.0263671875,4146.809743,< 4.5166015625,7.180422771,,
208,< 4.2724609375,< 1.513671875,4.987680015,793.9791345,< 1.85546875,0.515667531,2.143724607,< 2.0263671875,3608.004521,< 4.5166015625,9.45466009,,
93,< 4.2724609375,< 1.513671875,2.158544037,394.54399,< 1.85546875,< 6.494140625,< 2.685546875,< 2.0263671875,3388.435554,< 4.5166015625,11.76556503,,
216,3.080646325,< 1.513671875,2.35060196,506.9845226,< 1.85546875,< 6.494140625,< 2.685546875,< 2.0263671875,1799.003878,< 4.5166015625,5.504435712,,
219,< 4.2724609375,< 1.513671875,1.963048845,796.2055117,< 1.85546875,< 6.494140625,< 2.685546875,< 2.0263671875,3194.575342,< 4.5166015625,3.861089782,,
170,< 4.2724609375,< 1.513671875,7.15533394,2981.224684,< 1.85546875,0.515667531,0.373193037,< 2.0263671875,4175.963424,< 4.5166015625,11.1847782,,
180,< 4.2724609375,< 1.513671875,2.35060196,415.7013633,< 1.85546875,< 6.494140625,0.373193037,< 2.0263671875,3038.063383,< 4.5166015625,13.81279945,,
296,< 4.2724609375,< 1.513671875,0.789499942,551.6755518,< 1.85546875,< 6.494140625,2.143724607,< 2.0263671875,3401.293618,< 4.5166015625,10.60597093,,
,,,,,,,,,,,,,
DataType:,Avg Range,,,,,,,,,,,,
Sample,LIF,PIGF-1,SCF,HGF,VEGF-D,NGF-beta,EGF,BDNF,FGF-2,PDGF-BB,VEGF-A,,
Standard1,,,,,,,,,,,,,
Standard2,,,,,,,,,,,,,
Standard3,,,,,,,,,,,,,
Standard4,,,,,,,,,,,,,
Standard5,,,,,,,,,,,,,
Standard6,,,,,,,,,,,,,
Standard7,,,,,,,,,,,,,
312,,,,,,,,,,,,,
309,,,,,,,,,,,,,
308,,,,,,,,,,,,,
298,,,,,,,,,,,,,
301,,,,,,,,,,,,,
287,,,,,,,,,,,,,
286,,,,,,,,,,,,,
284,,,,,,,,,,,,,
282,,,,,,,,,,,,,
281,,,,,,,,,,,,,
280,,,,,,,,,,,,,
264,,,,,,,,,,,,,
261,,,,,,,,,,,,,
247,,,,,,,,,,,,,
210,,,,,,,,,,,,,
207,,,,,,,,,,,,,
194,,,,,,,,,,,,,
193,,,,,,,,,,,,,
192,,,,,,,,,,,,,
167,,,,,,,,,,,,,
162,,,,,,,,,,,,,
153,,,,,,,,,,,,,
148,,,,,,,,,,,,,
83,,,,,,,,,,,,,
82,,,,,,,,,,,,,
36,,,,,,,,,,,,,
33,,,,,,,,,,,,,
29,,,,,,,,,,,,,
15,,,,,,,,,,,,,
16,,,,,,,,,,,,,
229,,,,,,,,,,,,,
28,,,,,,,,,,,,,
79,,,,,,,,,,,,,
47,,,,,,,,,,,,,
40,,,,,,,,,,,,,
275,,,,,,,,,,,,,
232,,,,,,,,,,,,,
228,,,,,,,,,,,,,
197,,,,,,,,,,,,,
181,,,,,,,,,,,,,
156,,,,,,,,,,,,,
147,,,,,,,,,,,,,
141,,,,,,,,,,,,,
134,,,,,,,,,,,,,
132,,,,,,,,,,,,,
131,,,,,,,,,,,,,
113,,,,,,,,,,,,,
99,,,,,,,,,,,,,
95,,,,,,,,,,,,,
94,,,,,,,,,,,,,
87,,,,,,,,,,,,,
69,,,,,,,,,,,,,
68,,,,,,,,,,,,,
205,,,,,,,,,,,,,
24,,,,,,,,,,,,,
63,,,,,,,,,,,,,
306,,,,,,,,,,,,,
290,,,,,,,,,,,,,
17,,,,,,,,,,,,,
198,,,,,,,,,,,,,
30,,,,,,,,,,,,,
41,,,,,,,,,,,,,
55,,,,,,,,,,,,,
208,,,,,,,,,,,,,
93,,,,,,,,,,,,,
216,,,,,,,,,,,,,
219,,,,,,,,,,,,,
170,,,,,,,,,,,,,
180,,,,,,,,,,,,,
296,,,,,,,,,,,,,
,,,,,,,,,,,,,
DataType:,%CV Replicates,,,,,,,,,,,,
Sample,LIF,PIGF-1,SCF,HGF,VEGF-D,NGF-beta,EGF,BDNF,FGF-2,PDGF-BB,VEGF-A,,
Standard1,95.08198926,36.37723895,6.505351489,18.07072877,5.733458844,4.738631798,17.33926984,13.96066231,9.114992463,10.84194897,4.087789366,,
Standard2,0,5.468428484,0.391845123,7.23686128,0.358948093,2.625324628,1.822454493,0,11.49048668,7.048691609,5.893477941,,
Standard3,10.18012918,0.456710328,1.303780987,0.468711212,6.538603342,0.259953764,0.110828164,0.124288404,5.494021055,1.044944272,2.764434977,,
Standard4,9.073739257,1.729104964,2.298397309,1.189615782,1.622893835,7.327629539,1.796445405,4.365428801,1.364570422,5.937370043,4.195721558,,
Standard5,12.50079542,9.96766341,14.25714868,14.79314418,11.83917155,7.026998554,12.24340376,7.65188819,12.50259434,18.86916461,14.211049,,
Standard6,7.474711222,1.481682682,2.712063176,15.61366668,0.719473123,6.46529365,24.32073633,20.09620928,21.85496089,26.81618233,12.3936303,,
Standard7,26.74656553,19.13235592,28.61508623,7.398391546,49.83176417,17.2348607,28.62002317,7.168198392,4.857091591,42.1047083,12.50773271,,
312,,,,,,,,,,,,,
309,,,,,,,,,,,,,
308,,,,,,,,,,,,,
298,,,,,,,,,,,,,
301,,,,,,,,,,,,,
287,,,,,,,,,,,,,
286,,,,,,,,,,,,,
284,,,,,,,,,,,,,
282,,,,,,,,,,,,,
281,,,,,,,,,,,,,
280,,,,,,,,,,,,,
264,,,,,,,,,,,,,
261,,,,,,,,,,,,,
247,,,,,,,,,,,,,
210,,,,,,,,,,,,,
207,,,,,,,,,,,,,
194,,,,,,,,,,,,,
193,,,,,,,,,,,,,
192,,,,,,,,,,,,,
167,,,,,,,,,,,,,
162,,,,,,,,,,,,,
153,,,,,,,,,,,,,
148,,,,,,,,,,,,,
83,,,,,,,,,,,,,
82,,,,,,,,,,,,,
36,,,,,,,,,,,,,
33,,,,,,,,,,,,,
29,,,,,,,,,,,,,
15,,,,,,,,,,,,,
16,,,,,,,,,,,,,
229,,,,,,,,,,,,,
28,,,,,,,,,,,,,
79,,,,,,,,,,,,,
47,,,,,,,,,,,,,
40,,,,,,,,,,,,,
275,,,,,,,,,,,,,
232,,,,,,,,,,,,,
228,,,,,,,,,,,,,
197,,,,,,,,,,,,,
181,,,,,,,,,,,,,
156,,,,,,,,,,,,,
147,,,,,,,,,,,,,
141,,,,,,,,,,,,,
134,,,,,,,,,,,,,
132,,,,,,,,,,,,,
131,,,,,,,,,,,,,
113,,,,,,,,,,,,,
99,,,,,,,,,,,,,
95,,,,,,,,,,,,,
94,,,,,,,,,,,,,
87,,,,,,,,,,,,,
69,,,,,,,,,,,,,
68,,,,,,,,,,,,,
205,,,,,,,,,,,,,
24,,,,,,,,,,,,,
63,,,,,,,,,,,,,
306,,,,,,,,,,,,,
290,,,,,,,,,,,,,
17,,,,,,,,,,,,,
198,,,,,,,,,,,,,
30,,,,,,,,,,,,,
41,,,,,,,,,,,,,
55,,,,,,,,,,,,,
208,,,,,,,,,,,,,
93,,,,,,,,,,,,,
216,,,,,,,,,,,,,
219,,,,,,,,,,,,,
170,,,,,,,,,,,,,
180,,,,,,,,,,,,,
296,,,,,,,,,,,,,
,,,,,,,,,,,,,
DataType:,% Recovery,,,,,,,,,,,,
Location,Sample,LIF,PIGF-1,SCF,HGF,VEGF-D,NGF-beta,EGF,BDNF,FGF-2,PDGF-BB,VEGF-A,
"1(1,A1)",Standard1,69.42,126.59,104.03,117.57,106.31,104.95,104.61,17.22,102.03,111.75,106,
"2(1,B1)",Standard2,N/A,111.19,102.07,103.77,96.83,100.23,93.33,N/A,117.34,102.43,99.85,
"3(1,C1)",Standard3,101.28,96.23,97.54,100.16,95.45,100.7,99.71,91.96,97.79,102.51,102.47,
"4(1,D1)",Standard4,110.47,104.76,106.08,102.87,103.44,108.58,107.54,101.42,105.95,107.06,97.99,
"5(1,E1)",Standard5,89.9,92.1,88.9,86.97,88.87,91.37,86.29,91.84,88.87,83.81,86.79,
"6(1,F1)",Standard6,107.7,101.74,104.45,118.14,102.92,108.09,92.73,120.5,123.09,139.46,115.92,
"7(1,G1)",Standard7,124.07,87.83,120.35,104.39,67.28,114.72,85.16,94.4,103.19,121.67,90.96,
"9(1,A2)",Standard1,13.6,74.79,94.88,90.93,98.03,98.15,133.85,14.12,89.67,95.84,100.05,
"10(1,B2)",Standard2,N/A,102.91,102.64,93.66,97.33,96.57,95.77,N/A,99.7,92.7,91.86,
"11(1,C2)",Standard3,87.68,95.61,95.75,99.5,104.7,100.33,99.56,92.12,90.47,101.01,106.56,
"12(1,D2)",Standard4,97.15,102.23,102.68,104.62,105.84,97.88,104.84,107.88,108.01,98.44,103.98,
"13(1,E2)",Standard5,107.33,106.07,108.83,107.29,105.11,100.93,102.65,102.35,106.11,109.62,106.18,
"14(1,F2)",Standard6,96.88,99.63,100.52,94.65,103.97,98.64,131.25,90.52,90.14,95,97.24,
"15(1,G2)",Standard7,84.6,115.31,79.84,94.01,140.48,89.79,128.37,104.48,96.34,65.84,108.61,
,,,,,,,,,,,,,
DataType:,Comments,,,,,,,,,,,,
Location,Sample,LIF,PIGF-1,SCF,HGF,VEGF-D,NGF-beta,EGF,BDNF,FGF-2,PDGF-BB,VEGF-A,
"1(1,A1)",Standard1,Extrapolated,Extrapolated,Extrapolated,Extrapolated,Extrapolated,Extrapolated,,Extrapolated,Extrapolated,Extrapolated,Extrapolated,
"2(1,B1)",Standard2,,,,,,,,,,,,
"3(1,C1)",Standard3,,,,,,,,,,,,
"4(1,D1)",Standard4,,,,,,,,,,,,
"5(1,E1)",Standard5,,,,,,,,,,,,
"6(1,F1)",Standard6,,,,,,,,,,,,
"7(1,G1)",Standard7,,Extrapolated,,,Extrapolated,,Extrapolated,Extrapolated,,,Extrapolated,
"8(1,H1)",Background0,,,,,,,,,,,,
"9(1,A2)",Standard1,,,,,,,Extrapolated,,,,,
"10(1,B2)",Standard2,,,,,,,,,,,,
"11(1,C2)",Standard3,,,,,,,,,,,,
"12(1,D2)",Standard4,,,,,,,,,,,,
"13(1,E2)",Standard5,,,,,,,,,,,,
"14(1,F2)",Standard6,,,,,,,,,,,,
"15(1,G2)",Standard7,Extrapolated,,Extrapolated,Extrapolated,,Extrapolated,,,Extrapolated,Extrapolated,,
"16(1,H2)",Background0,,,,,,,,,,,,
"17(1,A3)",312,,,,,,Extrapolated,Extrapolated,Extrapolated,,,,
"18(1,B3)",309,,,,,,Extrapolated,Extrapolated,Extrapolated,,,,
"19(1,C3)",308,Extrapolated,,Extrapolated,,,Extrapolated,Extrapolated,,,,,
"20(1,D3)",301,,,,,Extrapolated,Extrapolated,Extrapolated,,,,,
"21(1,E3)",298,,,Extrapolated,,,Extrapolated,Extrapolated,,,,,
"22(1,F3)",287,,,Extrapolated,,Extrapolated,Extrapolated,,,,,Extrapolated,
"23(1,G3)",286,,,Extrapolated,,,Extrapolated,,,,,,
"24(1,H3)",284,,,,,,,,,,,Extrapolated,
"25(1,A4)",282,,,Extrapolated,,,Extrapolated,Extrapolated,,,,Extrapolated,
"26(1,B4)",281,,,,,,Extrapolated,Extrapolated,,,,Extrapolated,
"27(1,C4)",280,,,,,,Extrapolated,Extrapolated,,,,,
"28(1,D4)",264,,,Extrapolated,,,Extrapolated,Extrapolated,Extrapolated,,,,
"29(1,E4)",261,,,,,,Extrapolated,Extrapolated,,,,Extrapolated,
"30(1,F4)",247,,,,,,Extrapolated,Extrapolated,,,,,
"31(1,G4)",210,,,,,,Extrapolated,,,,,,
"32(1,H4)",207,,,,,,Extrapolated,Extrapolated,,,,Extrapolated,
"33(1,A5)",194,,,,,,Extrapolated,Extrapolated,,,,Extrapolated,
"34(1,B5)",193,,,,,,Extrapolated,,,,,Extrapolated,
"35(1,C5)",192,,,,,,Extrapolated,Extrapolated,,,,,
"36(1,D5)",167,,,,,,Extrapolated,Extrapolated,,,,,
"37(1,E5)",162,,,,,,Extrapolated,Extrapolated,,,,,
"38(1,F5)",153,,,,,,Extrapolated,Extrapolated,,,,,
"39(1,G5)",148,,,,,,Extrapolated,Extrapolated,Extrapolated,,,,
"40(1,H5)",83,,,,,,Extrapolated,Extrapolated,,,,,
"41(1,A6)",82,,,,,,Extrapolated,,,,,,
"42(1,B6)",36,,,,,,Extrapolated,,,,,,
"43(1,C6)",33,,,,,,Extrapolated,Extrapolated,,,,Extrapolated,
"44(1,D6)",29,Extrapolated,,,,,Extrapolated,,,,,,
"45(1,E6)",15,,,,,,Extrapolated,Extrapolated,,,,,
"46(1,F6)",16,,,,,,Extrapolated,Extrapolated,,,,,
"47(1,G6)",229,,,,,,Extrapolated,Extrapolated,Extrapolated,,,,
"48(1,H6)",28,,,,,,Extrapolated,Extrapolated,,,,,
"49(1,A7)",79,,,,,,Extrapolated,Extrapolated,,,,,
"50(1,B7)",47,,,,,,Extrapolated,Extrapolated,,,,,
"51(1,C7)",40,,,,,,Extrapolated,,,,,,
"52(1,D7)",275,,,,,,Extrapolated,,,,,Extrapolated,
"53(1,E7)",232,,,,,,Extrapolated,,,,,,
"54(1,F7)",228,,,,,,Extrapolated,,,,,,
"55(1,G7)",197,,,,,,Extrapolated,,,,,Extrapolated,
"56(1,H7)",181,,Extrapolated,,,,Extrapolated,Extrapolated,,,,,
"57(1,A8)",156,,,,,,Extrapolated,Extrapolated,,,,,
"58(1,B8)",147,,,,,,Extrapolated,Extrapolated,,,,,
"59(1,C8)",141,,,,,,Extrapolated,,,,,,
"60(1,D8)",134,,,,,,Extrapolated,Extrapolated,,,,,
"61(1,E8)",132,,,,,,Extrapolated,Extrapolated,,,,,
"62(1,F8)",131,,,,,,Extrapolated,Extrapolated,,,,Extrapolated,
"63(1,G8)",113,,,,,,Extrapolated,Extrapolated,,,,,
"64(1,H8)",99,,,,,,Extrapolated,Extrapolated,,,,Extrapolated,
"65(1,A9)",95,,,,,,,Extrapolated,,,,,
"66(1,B9)",94,,,,,,Extrapolated,Extrapolated,,,,,
"67(1,C9)",87,,,,,,Extrapolated,,,,,,
"68(1,D9)",69,,,Extrapolated,,,Extrapolated,Extrapolated,,,,Extrapolated,
"69(1,E9)",68,,,,,,Extrapolated,Extrapolated,,,,,
"70(1,F9)",205,,,,,,Extrapolated,,,,,Extrapolated,
"71(1,G9)",24,,,,,,Extrapolated,Extrapolated,,,,,
"72(1,H9)",63,,,,,,Extrapolated,Extrapolated,Extrapolated,,,,
"73(1,A10)",306,,,,,,Extrapolated,Extrapolated,,,,,
"74(1,B10)",290,,,,,,,Extrapolated,,,,Extrapolated,
"75(1,C10)",17,,,,,,Extrapolated,,,,,,
"76(1,D10)",198,,,,,,Extrapolated,Extrapolated,,,,Extrapolated,
"77(1,E10)",30,,,,,,Extrapolated,Extrapolated,,,,,
"78(1,F10)",41,,,,,,Extrapolated,Extrapolated,,,,,
"79(1,G10)",55,,,Extrapolated,,,Extrapolated,Extrapolated,,,,Extrapolated,
"80(1,H10)",208,,,,,,Extrapolated,Extrapolated,,,,Extrapolated,
"81(1,A11)",93,,,Extrapolated,,,,,,,,,
"82(1,B11)",216,Extrapolated,,,,,,,,,,Extrapolated,
"83(1,C11)",219,,,Extrapolated,,,,,,,,Extrapolated,
"84(1,D11)",170,,,,,,Extrapolated,Extrapolated,,,,,
"85(1,E11)",180,,,,,,,Extrapolated,,,,,
"86(1,F11)",296,,,Extrapolated,,,,Extrapolated,,,,,
,,,,,,,,,,,,,
DataType:,Units,,,,,,,,,,,,
Analyte:,LIF,PIGF-1,SCF,HGF,VEGF-D,NGF-beta,EGF,BDNF,FGF-2,PDGF-BB,VEGF-A,,
BeadID:,15,29,39,46,53,55,56,57,75,77,78,,
Units:,pg/mL,pg/mL,pg/mL,pg/mL,pg/mL,pg/mL,pg/mL,pg/mL,pg/mL,pg/mL,pg/mL,,
,,,,,,,,,,,,,
DataType:,Standard Expected Concentration,,,,,,,,,,,,
Reagent,LIF,PIGF-1,SCF,HGF,VEGF-D,NGF-beta,EGF,BDNF,FGF-2,PDGF-BB,VEGF-A,,
Standard1,17500,6200,4000,25600,7600,26600,11000,8300,13100,18500,20000,,
Standard2,4375,1550,1000,6400,1900,6650,2750,2075,3275,4625,5000,,
Standard3,1093.75,387.5,250,1600,475,1662.5,687.5,518.75,818.75,1156.25,1250,,
Standard4,273.4375,96.875,62.5,400,118.75,415.625,171.875,129.6875,204.6875,289.0625,312.5,,
Standard5,68.359375,24.21875,15.625,100,29.6875,103.90625,42.96875,32.421875,51.171875,72.265625,78.125,,
Standard6,17.08984375,6.0546875,3.90625,25,7.421875,25.9765625,10.7421875,8.10546875,12.79296875,18.06640625,19.53125,,
Standard7,4.272460938,1.513671875,0.9765625,6.25,1.85546875,6.494140625,2.685546875,2.026367188,3.198242188,4.516601563,4.8828125,,
,,,,,,,,,,,,,
DataType:,Control Expected Concentration,,,,,,,,,,,,
Reagent,LIF,PIGF-1,SCF,HGF,VEGF-D,NGF-beta,EGF,BDNF,FGF-2,PDGF-BB,VEGF-A,,
,,,,,,,,,,,,,
DataType:,Control Range - Low,,,,,,,,,,,,
Reagent,LIF,PIGF-1,SCF,HGF,VEGF-D,NGF-beta,EGF,BDNF,FGF-2,PDGF-BB,VEGF-A,,
,,,,,,,,,,,,,
DataType:,Control Range - High,,,,,,,,,,,,
Reagent,LIF,PIGF-1,SCF,HGF,VEGF-D,NGF-beta,EGF,BDNF,FGF-2,PDGF-BB,VEGF-A,,
,,,,,,,,,,,,,
DataType:,Per Bead Count,,,,,,,,,,,,
Analyte:,LIF,PIGF-1,SCF,HGF,VEGF-D,NGF-beta,EGF,BDNF,FGF-2,PDGF-BB,VEGF-A,,
BeadID:,15,29,39,46,53,55,56,57,75,77,78,,
Per Bead:,50,50,50,50,50,50,50,50,50,50,50,,
,,,,,,,,,,,,,
DataType:,Dilution Factor,,,,,,,,,,,,
Location,Sample,Dilution Factor,,,,,,,,,,,
"1(1,A1)",Standard1,,,,,,,,,,,,
"2(1,B1)",Standard2,,,,,,,,,,,,
"3(1,C1)",Standard3,,,,,,,,,,,,
"4(1,D1)",Standard4,,,,,,,,,,,,
"5(1,E1)",Standard5,,,,,,,,,,,,
"6(1,F1)",Standard6,,,,,,,,,,,,
"7(1,G1)",Standard7,,,,,,,,,,,,
"8(1,H1)",Background0,,,,,,,,,,,,
"9(1,A2)",Standard1,,,,,,,,,,,,
"10(1,B2)",Standard2,,,,,,,,,,,,
"11(1,C2)",Standard3,,,,,,,,,,,,
"12(1,D2)",Standard4,,,,,,,,,,,,
"13(1,E2)",Standard5,,,,,,,,,,,,
"14(1,F2)",Standard6,,,,,,,,,,,,
"15(1,G2)",Standard7,,,,,,,,,,,,
"16(1,H2)",Background0,,,,,,,,,,,,
"17(1,A3)",312,2,,,,,,,,,,,
"18(1,B3)",309,2,,,,,,,,,,,
"19(1,C3)",308,2,,,,,,,,,,,
"20(1,D3)",301,2,,,,,,,,,,,
"21(1,E3)",298,2,,,,,,,,,,,
"22(1,F3)",287,2,,,,,,,,,,,
"23(1,G3)",286,2,,,,,,,,,,,
"24(1,H3)",284,2,,,,,,,,,,,
"25(1,A4)",282,2,,,,,,,,,,,
"26(1,B4)",281,2,,,,,,,,,,,
"27(1,C4)",280,2,,,,,,,,,,,
"28(1,D4)",264,2,,,,,,,,,,,
"29(1,E4)",261,2,,,,,,,,,,,
"30(1,F4)",247,2,,,,,,,,,,,
"31(1,G4)",210,2,,,,,,,,,,,
"32(1,H4)",207,2,,,,,,,,,,,
"33(1,A5)",194,2,,,,,,,,,,,
"34(1,B5)",193,2,,,,,,,,,,,
"35(1,C5)",192,2,,,,,,,,,,,
"36(1,D5)",167,2,,,,,,,,,,,
"37(1,E5)",162,2,,,,,,,,,,,
"38(1,F5)",153,2,,,,,,,,,,,
"39(1,G5)",148,2,,,,,,,,,,,
"40(1,H5)",83,2,,,,,,,,,,,
"41(1,A6)",82,2,,,,,,,,,,,
"42(1,B6)",36,2,,,,,,,,,,,
"43(1,C6)",33,2,,,,,,,,,,,
"44(1,D6)",29,2,,,,,,,,,,,
"45(1,E6)",15,2,,,,,,,,,,,
"46(1,F6)",16,2,,,,,,,,,,,
"47(1,G6)",229,2,,,,,,,,,,,
"48(1,H6)",28,2,,,,,,,,,,,
"49(1,A7)",79,2,,,,,,,,,,,
"50(1,B7)",47,2,,,,,,,,,,,
"51(1,C7)",40,2,,,,,,,,,,,
"52(1,D7)",275,2,,,,,,,,,,,
"53(1,E7)",232,2,,,,,,,,,,,
"54(1,F7)",228,2,,,,,,,,,,,
"55(1,G7)",197,2,,,,,,,,,,,
"56(1,H7)",181,2,,,,,,,,,,,
"57(1,A8)",156,2,,,,,,,,,,,
"58(1,B8)",147,2,,,,,,,,,,,
"59(1,C8)",141,2,,,,,,,,,,,
"60(1,D8)",134,2,,,,,,,,,,,
"61(1,E8)",132,2,,,,,,,,,,,
"62(1,F8)",131,2,,,,,,,,,,,
"63(1,G8)",113,2,,,,,,,,,,,
"64(1,H8)",99,2,,,,,,,,,,,
"65(1,A9)",95,2,,,,,,,,,,,
"66(1,B9)",94,2,,,,,,,,,,,
"67(1,C9)",87,2,,,,,,,,,,,
"68(1,D9)",69,2,,,,,,,,,,,
"69(1,E9)",68,2,,,,,,,,,,,
"70(1,F9)",205,2,,,,,,,,,,,
"71(1,G9)",24,2,,,,,,,,,,,
"72(1,H9)",63,2,,,,,,,,,,,
"73(1,A10)",306,2,,,,,,,,,,,
"74(1,B10)",290,2,,,,,,,,,,,
"75(1,C10)",17,2,,,,,,,,,,,
"76(1,D10)",198,2,,,,,,,,,,,
"77(1,E10)",30,2,,,,,,,,,,,
"78(1,F10)",41,2,,,,,,,,,,,
"79(1,G10)",55,2,,,,,,,,,,,
"80(1,H10)",208,2,,,,,,,,,,,
"81(1,A11)",93,2,,,,,,,,,,,
"82(1,B11)",216,2,,,,,,,,,,,
"83(1,C11)",219,2,,,,,,,,,,,
"84(1,D11)",170,2,,,,,,,,,,,
"85(1,E11)",180,2,,,,,,,,,,,
"86(1,F11)",296,2,,,,,,,,,,,
,,,,,,,,,,,,,
,,,,,,,,,,,,,
DataType:,Analysis Types,,,,,,,,,,,,
Analyte:,LIF,PIGF-1,SCF,HGF,VEGF-D,NGF-beta,EGF,BDNF,FGF-2,PDGF-BB,VEGF-A,,
AnalysisType,Logistic 5P Weighted,Logistic 5P Weighted,Logistic 5P Weighted,Logistic 5P Weighted,Logistic 5P Weighted,Logistic 5P Weighted,Logistic 5P Weighted,Logistic 5P Weighted,Logistic 5P Weighted,Logistic 5P Weighted,Logistic 5P Weighted,,
,,,,,,,,,,,,,
DataType:,Analysis Coefficients,,,,,,,,,,,,
Analyte:,LIF,PIGF-1,SCF,HGF,VEGF-D,NGF-beta,EGF,BDNF,FGF-2,PDGF-BB,VEGF-A,,
Coefficient A,9.966793733,29.86011799,27.0420936,6.09035399,25.38689392,0.965032483,0.573451295,79.4872621,6.28473917,34.41189411,7.134492061,,
Coefficient B,2572.037695,11338.75994,24688.42806,12209.25227,49906.71687,21938.26576,2442.990617,13359.83856,9825.634518,22852.85152,17614.46224,,
Coefficient C,869.5275456,854.8823286,613.9194384,5148.978169,530.8220076,7906.190672,1222.094366,507.5146874,1638.547842,4688.027328,7482.389573,,
Coefficient D,-1.817959842,-1.035276249,-0.600268984,-0.991063141,-0.332006078,-0.918747584,-1.1641304,-1.953536918,-0.81217672,-1.074138398,-0.879731774,,
Coefficient F,0.487941236,0.921563544,2.060922251,1.083927558,4.349947571,1.007999068,0.932107744,0.473271431,1.291651704,1.04044196,1.065534036,,
,,,,,,,,,,,,,
DataType:,R^2,,,,,,,,,,,,
Analyte:,LIF,PIGF-1,SCF,HGF,VEGF-D,NGF-beta,EGF,BDNF,FGF-2,PDGF-BB,VEGF-A,,
Value,0.993286628,0.997694933,0.996313462,0.994278014,0.995247529,0.996027839,0.984023022,0.992228675,0.992670874,0.989175056,0.995134987,,
,,,,,,,,,,,,,
DataType:,Audit Logs,,,,,,,,,,,,
UserId,Date,Message,,,,,,,,,,,
,,,,,,,,,,,,,
DataType:,Warnings/Errors,,,,,,,,,,,,
Location,Status,Message,,,,,,,,,,,
,,,,,,,,,,,,,
-- CRC --,,,,,,,,,,,,,
CRC32: E4283F43,,,,,,,,,,,,,
